,circle_origin,big_arrow_end,small_arrow_end,synthesis_label
1000L-200_s-10.jpg,"(587, 819)","(496, 1117)","(411, 949)","(587, 819, 496, 1117, 411, 949)"
1001L-200_s-10.jpg,"(587, 819)","(500, 1119)","(412, 950)","(587, 819, 500, 1119, 412, 950)"
100L-250_s-11.jpg,"(587, 819)","(529, 1126)","(419, 958)","(587, 819, 529, 1126, 419, 958)"
101L-250_s-11.jpg,"(587, 819)","(533, 1126)","(420, 960)","(587, 819, 533, 1126, 420, 960)"
102L-250_s-11.jpg,"(587, 819)","(538, 1127)","(421, 961)","(587, 819, 538, 1127, 421, 961)"
103L-250_s-11.jpg,"(587, 819)","(542, 1128)","(422, 962)","(587, 819, 542, 1128, 422, 962)"
104L-250_s-11.jpg,"(587, 819)","(546, 1128)","(423, 963)","(587, 819, 546, 1128, 423, 963)"
105L-250_s-11.jpg,"(587, 819)","(550, 1129)","(424, 964)","(587, 819, 550, 1129, 424, 964)"
106L-250_s-11.jpg,"(587, 819)","(555, 1129)","(425, 965)","(587, 819, 555, 1129, 425, 965)"
107L-250_s-11.jpg,"(587, 819)","(559, 1130)","(426, 966)","(587, 819, 559, 1130, 426, 966)"
108L-250_s-11.jpg,"(587, 819)","(563, 1130)","(427, 967)","(587, 819, 563, 1130, 427, 967)"
109L-250_s-12.jpg,"(587, 819)","(568, 1130)","(428, 969)","(587, 819, 568, 1130, 428, 969)"
10L-0_s-1.jpg,"(587, 819)","(278, 862)","(369, 834)","(587, 819, 278, 862, 369, 834)"
110L-250_s-12.jpg,"(587, 819)","(572, 1131)","(429, 970)","(587, 819, 572, 1131, 429, 970)"
111L-250_s-12.jpg,"(587, 819)","(576, 1131)","(430, 971)","(587, 819, 576, 1131, 430, 971)"
112L-250_s-12.jpg,"(587, 819)","(581, 1131)","(431, 972)","(587, 819, 581, 1131, 431, 972)"
113L-250_s-12.jpg,"(587, 819)","(585, 1131)","(432, 973)","(587, 819, 585, 1131, 432, 973)"
114L-300_s-12.jpg,"(587, 819)","(589, 1131)","(433, 974)","(587, 819, 589, 1131, 433, 974)"
115L-300_s-12.jpg,"(587, 819)","(593, 1131)","(434, 975)","(587, 819, 593, 1131, 434, 975)"
116L-300_s-12.jpg,"(587, 819)","(598, 1131)","(435, 976)","(587, 819, 598, 1131, 435, 976)"
117L-300_s-12.jpg,"(587, 819)","(602, 1131)","(436, 977)","(587, 819, 602, 1131, 436, 977)"
118L-300_s-12.jpg,"(587, 819)","(606, 1130)","(437, 978)","(587, 819, 606, 1130, 437, 978)"
119L-300_s-13.jpg,"(587, 819)","(611, 1130)","(439, 979)","(587, 819, 611, 1130, 439, 979)"
11L-0_s-1.jpg,"(587, 819)","(279, 866)","(369, 836)","(587, 819, 279, 866, 369, 836)"
120L-300_s-13.jpg,"(587, 819)","(615, 1130)","(440, 980)","(587, 819, 615, 1130, 440, 980)"
121L-300_s-13.jpg,"(587, 819)","(619, 1129)","(441, 981)","(587, 819, 619, 1129, 441, 981)"
122L-300_s-13.jpg,"(587, 819)","(624, 1129)","(442, 982)","(587, 819, 624, 1129, 442, 982)"
123L-300_s-13.jpg,"(587, 819)","(628, 1128)","(443, 983)","(587, 819, 628, 1128, 443, 983)"
124L-300_s-13.jpg,"(587, 819)","(632, 1128)","(444, 984)","(587, 819, 632, 1128, 444, 984)"
125L-300_s-13.jpg,"(587, 819)","(636, 1127)","(445, 985)","(587, 819, 636, 1127, 445, 985)"
126L-300_s-13.jpg,"(587, 819)","(641, 1126)","(446, 986)","(587, 819, 641, 1126, 446, 986)"
127L-300_s-13.jpg,"(587, 819)","(645, 1126)","(448, 987)","(587, 819, 645, 1126, 448, 987)"
128L-300_s-14.jpg,"(587, 819)","(649, 1125)","(449, 988)","(587, 819, 649, 1125, 449, 988)"
129L-300_s-14.jpg,"(587, 819)","(653, 1124)","(450, 989)","(587, 819, 653, 1124, 450, 989)"
12L-0_s-1.jpg,"(587, 819)","(279, 871)","(369, 837)","(587, 819, 279, 871, 369, 837)"
130L-300_s-14.jpg,"(587, 819)","(658, 1123)","(451, 990)","(587, 819, 658, 1123, 451, 990)"
131L-300_s-14.jpg,"(587, 819)","(662, 1122)","(452, 991)","(587, 819, 662, 1122, 452, 991)"
132L-300_s-14.jpg,"(587, 819)","(666, 1121)","(454, 992)","(587, 819, 666, 1121, 454, 992)"
133L-350_s-14.jpg,"(587, 819)","(670, 1120)","(455, 993)","(587, 819, 670, 1120, 455, 993)"
134L-350_s-14.jpg,"(587, 819)","(674, 1119)","(456, 994)","(587, 819, 674, 1119, 456, 994)"
135L-350_s-14.jpg,"(587, 819)","(678, 1117)","(457, 995)","(587, 819, 678, 1117, 457, 995)"
136L-350_s-14.jpg,"(587, 819)","(683, 1116)","(458, 996)","(587, 819, 683, 1116, 458, 996)"
137L-350_s-15.jpg,"(587, 819)","(687, 1115)","(460, 996)","(587, 819, 687, 1115, 460, 996)"
138L-350_s-15.jpg,"(587, 819)","(691, 1113)","(461, 997)","(587, 819, 691, 1113, 461, 997)"
139L-350_s-15.jpg,"(587, 819)","(695, 1112)","(462, 998)","(587, 819, 695, 1112, 462, 998)"
13L-0_s-1.jpg,"(587, 819)","(280, 875)","(369, 839)","(587, 819, 280, 875, 369, 839)"
140L-350_s-15.jpg,"(587, 819)","(699, 1110)","(463, 999)","(587, 819, 699, 1110, 463, 999)"
141L-350_s-15.jpg,"(587, 819)","(703, 1109)","(465, 1000)","(587, 819, 703, 1109, 465, 1000)"
142L-350_s-15.jpg,"(587, 819)","(707, 1107)","(466, 1001)","(587, 819, 707, 1107, 466, 1001)"
143L-350_s-15.jpg,"(587, 819)","(711, 1105)","(467, 1002)","(587, 819, 711, 1105, 467, 1002)"
144L-350_s-15.jpg,"(587, 819)","(715, 1104)","(468, 1002)","(587, 819, 715, 1104, 468, 1002)"
145L-350_s-15.jpg,"(587, 819)","(719, 1102)","(470, 1003)","(587, 819, 719, 1102, 470, 1003)"
146L-350_s-16.jpg,"(587, 819)","(723, 1100)","(471, 1004)","(587, 819, 723, 1100, 471, 1004)"
147L-350_s-16.jpg,"(587, 819)","(727, 1098)","(472, 1005)","(587, 819, 727, 1098, 472, 1005)"
148L-350_s-16.jpg,"(587, 819)","(730, 1096)","(473, 1006)","(587, 819, 730, 1096, 473, 1006)"
149L-350_s-16.jpg,"(587, 819)","(734, 1094)","(475, 1006)","(587, 819, 734, 1094, 475, 1006)"
14L-0_s-1.jpg,"(587, 819)","(281, 879)","(370, 840)","(587, 819, 281, 879, 370, 840)"
150L-350_s-16.jpg,"(587, 819)","(738, 1092)","(476, 1007)","(587, 819, 738, 1092, 476, 1007)"
151L-350_s-16.jpg,"(587, 819)","(742, 1090)","(477, 1008)","(587, 819, 742, 1090, 477, 1008)"
152L-400_s-16.jpg,"(587, 819)","(746, 1088)","(479, 1009)","(587, 819, 746, 1088, 479, 1009)"
153L-400_s-16.jpg,"(587, 819)","(749, 1086)","(480, 1009)","(587, 819, 749, 1086, 480, 1009)"
154L-400_s-16.jpg,"(587, 819)","(753, 1083)","(481, 1010)","(587, 819, 753, 1083, 481, 1010)"
155L-400_s-17.jpg,"(587, 819)","(757, 1081)","(483, 1011)","(587, 819, 757, 1081, 483, 1011)"
156L-400_s-17.jpg,"(587, 819)","(760, 1079)","(484, 1012)","(587, 819, 760, 1079, 484, 1012)"
157L-400_s-17.jpg,"(587, 819)","(764, 1076)","(485, 1012)","(587, 819, 764, 1076, 485, 1012)"
158L-400_s-17.jpg,"(587, 819)","(767, 1074)","(487, 1013)","(587, 819, 767, 1074, 487, 1013)"
159L-400_s-17.jpg,"(587, 819)","(771, 1071)","(488, 1014)","(587, 819, 771, 1071, 488, 1014)"
15L-0_s-1.jpg,"(587, 819)","(282, 883)","(370, 842)","(587, 819, 282, 883, 370, 842)"
160L-400_s-17.jpg,"(587, 819)","(774, 1069)","(489, 1014)","(587, 819, 774, 1069, 489, 1014)"
161L-400_s-17.jpg,"(587, 819)","(778, 1066)","(491, 1015)","(587, 819, 778, 1066, 491, 1015)"
162L-400_s-17.jpg,"(587, 819)","(781, 1063)","(492, 1016)","(587, 819, 781, 1063, 492, 1016)"
163L-400_s-17.jpg,"(587, 819)","(784, 1061)","(493, 1016)","(587, 819, 784, 1061, 493, 1016)"
164L-400_s-18.jpg,"(587, 819)","(788, 1058)","(495, 1017)","(587, 819, 788, 1058, 495, 1017)"
165L-400_s-18.jpg,"(587, 819)","(791, 1055)","(496, 1018)","(587, 819, 791, 1055, 496, 1018)"
166L-400_s-18.jpg,"(587, 819)","(794, 1052)","(498, 1018)","(587, 819, 794, 1052, 498, 1018)"
167L-400_s-18.jpg,"(587, 819)","(797, 1049)","(499, 1019)","(587, 819, 797, 1049, 499, 1019)"
168L-400_s-18.jpg,"(587, 819)","(801, 1046)","(500, 1019)","(587, 819, 801, 1046, 500, 1019)"
169L-400_s-18.jpg,"(587, 819)","(804, 1043)","(502, 1020)","(587, 819, 804, 1043, 502, 1020)"
16L-0_s-1.jpg,"(587, 819)","(283, 888)","(370, 843)","(587, 819, 283, 888, 370, 843)"
170L-400_s-18.jpg,"(587, 819)","(807, 1040)","(503, 1021)","(587, 819, 807, 1040, 503, 1021)"
171L-450_s-18.jpg,"(587, 819)","(810, 1037)","(504, 1021)","(587, 819, 810, 1037, 504, 1021)"
172L-450_s-18.jpg,"(587, 819)","(813, 1034)","(506, 1022)","(587, 819, 813, 1034, 506, 1022)"
173L-450_s-19.jpg,"(587, 819)","(816, 1031)","(507, 1022)","(587, 819, 816, 1031, 507, 1022)"
174L-450_s-19.jpg,"(587, 819)","(819, 1028)","(509, 1023)","(587, 819, 819, 1028, 509, 1023)"
175L-450_s-19.jpg,"(587, 819)","(822, 1025)","(510, 1023)","(587, 819, 822, 1025, 510, 1023)"
176L-450_s-19.jpg,"(587, 819)","(824, 1021)","(512, 1024)","(587, 819, 824, 1021, 512, 1024)"
177L-450_s-19.jpg,"(587, 819)","(827, 1018)","(513, 1024)","(587, 819, 827, 1018, 513, 1024)"
178L-450_s-19.jpg,"(587, 819)","(830, 1015)","(514, 1025)","(587, 819, 830, 1015, 514, 1025)"
179L-450_s-19.jpg,"(587, 819)","(833, 1011)","(516, 1025)","(587, 819, 833, 1011, 516, 1025)"
17L-0_s-1.jpg,"(587, 819)","(284, 892)","(370, 845)","(587, 819, 284, 892, 370, 845)"
180L-450_s-19.jpg,"(587, 819)","(835, 1008)","(517, 1026)","(587, 819, 835, 1008, 517, 1026)"
181L-450_s-19.jpg,"(587, 819)","(838, 1004)","(519, 1026)","(587, 819, 838, 1004, 519, 1026)"
182L-450_s-20.jpg,"(587, 819)","(840, 1001)","(520, 1027)","(587, 819, 840, 1001, 520, 1027)"
183L-450_s-20.jpg,"(587, 819)","(843, 997)","(522, 1027)","(587, 819, 843, 997, 522, 1027)"
184L-450_s-20.jpg,"(587, 819)","(845, 994)","(523, 1028)","(587, 819, 845, 994, 523, 1028)"
185L-450_s-20.jpg,"(587, 819)","(848, 990)","(524, 1028)","(587, 819, 848, 990, 524, 1028)"
186L-450_s-20.jpg,"(587, 819)","(850, 987)","(526, 1029)","(587, 819, 850, 987, 526, 1029)"
187L-450_s-20.jpg,"(587, 819)","(852, 983)","(527, 1029)","(587, 819, 852, 983, 527, 1029)"
188L-450_s-20.jpg,"(587, 819)","(855, 979)","(529, 1029)","(587, 819, 855, 979, 529, 1029)"
189L-450_s-20.jpg,"(587, 819)","(857, 976)","(530, 1030)","(587, 819, 857, 976, 530, 1030)"
18L-0_s-1.jpg,"(587, 819)","(285, 896)","(370, 846)","(587, 819, 285, 896, 370, 846)"
190L-500_s-20.jpg,"(587, 819)","(859, 972)","(532, 1030)","(587, 819, 859, 972, 532, 1030)"
191L-500_s-21.jpg,"(587, 819)","(861, 968)","(533, 1031)","(587, 819, 861, 968, 533, 1031)"
192L-500_s-21.jpg,"(587, 819)","(863, 964)","(535, 1031)","(587, 819, 863, 964, 535, 1031)"
193L-500_s-21.jpg,"(587, 819)","(865, 960)","(536, 1031)","(587, 819, 865, 960, 536, 1031)"
194L-500_s-21.jpg,"(587, 819)","(867, 957)","(538, 1032)","(587, 819, 867, 957, 538, 1032)"
195L-500_s-21.jpg,"(587, 819)","(869, 953)","(539, 1032)","(587, 819, 869, 953, 539, 1032)"
196L-500_s-21.jpg,"(587, 819)","(871, 949)","(541, 1032)","(587, 819, 871, 949, 541, 1032)"
197L-500_s-21.jpg,"(587, 819)","(873, 945)","(542, 1033)","(587, 819, 873, 945, 542, 1033)"
198L-500_s-21.jpg,"(587, 819)","(874, 941)","(543, 1033)","(587, 819, 874, 941, 543, 1033)"
199L-500_s-21.jpg,"(587, 819)","(876, 937)","(545, 1033)","(587, 819, 876, 937, 545, 1033)"
19L-50_s-2.jpg,"(587, 819)","(286, 900)","(370, 848)","(587, 819, 286, 900, 370, 848)"
1L-0_s-0.jpg,"(587, 819)","(275, 823)","(369, 821)","(587, 819, 275, 823, 369, 821)"
200L-500_s-22.jpg,"(587, 819)","(877, 933)","(546, 1034)","(587, 819, 877, 933, 546, 1034)"
201L-500_s-22.jpg,"(587, 819)","(879, 929)","(548, 1034)","(587, 819, 879, 929, 548, 1034)"
202L-500_s-22.jpg,"(587, 819)","(881, 925)","(549, 1034)","(587, 819, 881, 925, 549, 1034)"
203L-500_s-22.jpg,"(587, 819)","(882, 921)","(551, 1034)","(587, 819, 882, 921, 551, 1034)"
204L-500_s-22.jpg,"(587, 819)","(883, 917)","(552, 1035)","(587, 819, 883, 917, 552, 1035)"
205L-500_s-22.jpg,"(587, 819)","(885, 913)","(554, 1035)","(587, 819, 885, 913, 554, 1035)"
206L-500_s-22.jpg,"(587, 819)","(886, 908)","(555, 1035)","(587, 819, 886, 908, 555, 1035)"
207L-500_s-22.jpg,"(587, 819)","(887, 904)","(557, 1035)","(587, 819, 887, 904, 557, 1035)"
208L-500_s-22.jpg,"(587, 819)","(888, 900)","(558, 1036)","(587, 819, 888, 900, 558, 1036)"
209L-550_s-23.jpg,"(587, 819)","(889, 896)","(560, 1036)","(587, 819, 889, 896, 560, 1036)"
20L-50_s-2.jpg,"(587, 819)","(287, 904)","(371, 849)","(587, 819, 287, 904, 371, 849)"
210L-550_s-23.jpg,"(587, 819)","(890, 892)","(561, 1036)","(587, 819, 890, 892, 561, 1036)"
211L-550_s-23.jpg,"(587, 819)","(891, 887)","(563, 1036)","(587, 819, 891, 887, 563, 1036)"
212L-550_s-23.jpg,"(587, 819)","(892, 883)","(564, 1036)","(587, 819, 892, 883, 564, 1036)"
213L-550_s-23.jpg,"(587, 819)","(893, 879)","(566, 1036)","(587, 819, 893, 879, 566, 1036)"
214L-550_s-23.jpg,"(587, 819)","(894, 875)","(567, 1037)","(587, 819, 894, 875, 567, 1037)"
215L-550_s-23.jpg,"(587, 819)","(895, 871)","(569, 1037)","(587, 819, 895, 871, 569, 1037)"
216L-550_s-23.jpg,"(587, 819)","(895, 866)","(570, 1037)","(587, 819, 895, 866, 570, 1037)"
217L-550_s-23.jpg,"(587, 819)","(896, 862)","(572, 1037)","(587, 819, 896, 862, 572, 1037)"
218L-550_s-24.jpg,"(587, 819)","(897, 858)","(573, 1037)","(587, 819, 897, 858, 573, 1037)"
219L-550_s-24.jpg,"(587, 819)","(897, 853)","(575, 1037)","(587, 819, 897, 853, 575, 1037)"
21L-50_s-2.jpg,"(587, 819)","(288, 908)","(371, 851)","(587, 819, 288, 908, 371, 851)"
220L-550_s-24.jpg,"(587, 819)","(898, 849)","(576, 1037)","(587, 819, 898, 849, 576, 1037)"
221L-550_s-24.jpg,"(587, 819)","(898, 845)","(578, 1037)","(587, 819, 898, 845, 578, 1037)"
222L-550_s-24.jpg,"(587, 819)","(898, 841)","(579, 1037)","(587, 819, 898, 841, 579, 1037)"
223L-550_s-24.jpg,"(587, 819)","(899, 836)","(581, 1037)","(587, 819, 899, 836, 581, 1037)"
224L-550_s-24.jpg,"(587, 819)","(899, 832)","(582, 1037)","(587, 819, 899, 832, 582, 1037)"
225L-550_s-24.jpg,"(587, 819)","(899, 828)","(584, 1037)","(587, 819, 899, 828, 584, 1037)"
226L-550_s-24.jpg,"(587, 819)","(899, 823)","(585, 1037)","(587, 819, 899, 823, 585, 1037)"
227L-600_s-25.jpg,"(587, 819)","(899, 819)","(587, 1037)","(587, 819, 899, 819, 587, 1037)"
228L-600_s-25.jpg,"(587, 819)","(899, 815)","(589, 1037)","(587, 819, 899, 815, 589, 1037)"
229L-600_s-25.jpg,"(587, 819)","(899, 810)","(590, 1037)","(587, 819, 899, 810, 590, 1037)"
22L-50_s-2.jpg,"(587, 819)","(289, 913)","(371, 852)","(587, 819, 289, 913, 371, 852)"
230L-600_s-25.jpg,"(587, 819)","(899, 806)","(592, 1037)","(587, 819, 899, 806, 592, 1037)"
231L-600_s-25.jpg,"(587, 819)","(899, 802)","(593, 1037)","(587, 819, 899, 802, 593, 1037)"
232L-600_s-25.jpg,"(587, 819)","(898, 797)","(595, 1037)","(587, 819, 898, 797, 595, 1037)"
233L-600_s-25.jpg,"(587, 819)","(898, 793)","(596, 1037)","(587, 819, 898, 793, 596, 1037)"
234L-600_s-25.jpg,"(587, 819)","(898, 789)","(598, 1037)","(587, 819, 898, 789, 598, 1037)"
235L-600_s-25.jpg,"(587, 819)","(897, 784)","(599, 1037)","(587, 819, 897, 784, 599, 1037)"
236L-600_s-25.jpg,"(587, 819)","(897, 780)","(601, 1037)","(587, 819, 897, 780, 601, 1037)"
237L-600_s-26.jpg,"(587, 819)","(896, 776)","(602, 1037)","(587, 819, 896, 776, 602, 1037)"
238L-600_s-26.jpg,"(587, 819)","(895, 772)","(604, 1037)","(587, 819, 895, 772, 604, 1037)"
239L-600_s-26.jpg,"(587, 819)","(895, 767)","(605, 1037)","(587, 819, 895, 767, 605, 1037)"
23L-50_s-2.jpg,"(587, 819)","(291, 917)","(371, 854)","(587, 819, 291, 917, 371, 854)"
240L-600_s-26.jpg,"(587, 819)","(894, 763)","(607, 1037)","(587, 819, 894, 763, 607, 1037)"
241L-600_s-26.jpg,"(587, 819)","(893, 759)","(608, 1036)","(587, 819, 893, 759, 608, 1036)"
242L-600_s-26.jpg,"(587, 819)","(892, 755)","(610, 1036)","(587, 819, 892, 755, 610, 1036)"
243L-600_s-26.jpg,"(587, 819)","(891, 750)","(611, 1036)","(587, 819, 891, 750, 611, 1036)"
244L-600_s-26.jpg,"(587, 819)","(890, 746)","(613, 1036)","(587, 819, 890, 746, 613, 1036)"
245L-600_s-26.jpg,"(587, 819)","(889, 742)","(614, 1036)","(587, 819, 889, 742, 614, 1036)"
246L-650_s-27.jpg,"(587, 819)","(888, 738)","(616, 1036)","(587, 819, 888, 738, 616, 1036)"
247L-650_s-27.jpg,"(587, 819)","(887, 734)","(617, 1035)","(587, 819, 887, 734, 617, 1035)"
248L-650_s-27.jpg,"(587, 819)","(886, 730)","(619, 1035)","(587, 819, 886, 730, 619, 1035)"
249L-650_s-27.jpg,"(587, 819)","(885, 725)","(620, 1035)","(587, 819, 885, 725, 620, 1035)"
24L-50_s-2.jpg,"(587, 819)","(292, 921)","(372, 855)","(587, 819, 292, 921, 372, 855)"
250L-650_s-27.jpg,"(587, 819)","(883, 721)","(622, 1035)","(587, 819, 883, 721, 622, 1035)"
251L-650_s-27.jpg,"(587, 819)","(882, 717)","(623, 1034)","(587, 819, 882, 717, 623, 1034)"
252L-650_s-27.jpg,"(587, 819)","(881, 713)","(625, 1034)","(587, 819, 881, 713, 625, 1034)"
253L-650_s-27.jpg,"(587, 819)","(879, 709)","(626, 1034)","(587, 819, 879, 709, 626, 1034)"
254L-650_s-27.jpg,"(587, 819)","(877, 705)","(628, 1034)","(587, 819, 877, 705, 628, 1034)"
255L-650_s-28.jpg,"(587, 819)","(876, 701)","(629, 1033)","(587, 819, 876, 701, 629, 1033)"
256L-650_s-28.jpg,"(587, 819)","(874, 697)","(631, 1033)","(587, 819, 874, 697, 631, 1033)"
257L-650_s-28.jpg,"(587, 819)","(872, 693)","(632, 1033)","(587, 819, 872, 693, 632, 1033)"
258L-650_s-28.jpg,"(587, 819)","(871, 689)","(634, 1032)","(587, 819, 871, 689, 634, 1032)"
259L-650_s-28.jpg,"(587, 819)","(869, 685)","(635, 1032)","(587, 819, 869, 685, 635, 1032)"
25L-50_s-2.jpg,"(587, 819)","(293, 925)","(372, 857)","(587, 819, 293, 925, 372, 857)"
260L-650_s-28.jpg,"(587, 819)","(867, 681)","(636, 1032)","(587, 819, 867, 681, 636, 1032)"
261L-650_s-28.jpg,"(587, 819)","(865, 678)","(638, 1031)","(587, 819, 865, 678, 638, 1031)"
262L-650_s-28.jpg,"(587, 819)","(863, 674)","(639, 1031)","(587, 819, 863, 674, 639, 1031)"
263L-650_s-28.jpg,"(587, 819)","(861, 670)","(641, 1031)","(587, 819, 861, 670, 641, 1031)"
264L-650_s-29.jpg,"(587, 819)","(859, 666)","(642, 1030)","(587, 819, 859, 666, 642, 1030)"
265L-700_s-29.jpg,"(587, 819)","(857, 662)","(644, 1030)","(587, 819, 857, 662, 644, 1030)"
266L-700_s-29.jpg,"(587, 819)","(855, 659)","(645, 1029)","(587, 819, 855, 659, 645, 1029)"
267L-700_s-29.jpg,"(587, 819)","(852, 655)","(647, 1029)","(587, 819, 852, 655, 647, 1029)"
268L-700_s-29.jpg,"(587, 819)","(850, 651)","(648, 1029)","(587, 819, 850, 651, 648, 1029)"
269L-700_s-29.jpg,"(587, 819)","(848, 648)","(650, 1028)","(587, 819, 848, 648, 650, 1028)"
26L-50_s-2.jpg,"(587, 819)","(295, 929)","(372, 858)","(587, 819, 295, 929, 372, 858)"
270L-700_s-29.jpg,"(587, 819)","(845, 644)","(651, 1028)","(587, 819, 845, 644, 651, 1028)"
271L-700_s-29.jpg,"(587, 819)","(843, 641)","(652, 1027)","(587, 819, 843, 641, 652, 1027)"
272L-700_s-29.jpg,"(587, 819)","(840, 637)","(654, 1027)","(587, 819, 840, 637, 654, 1027)"
273L-700_s-30.jpg,"(587, 819)","(838, 633)","(655, 1026)","(587, 819, 838, 633, 655, 1026)"
274L-700_s-30.jpg,"(587, 819)","(835, 630)","(657, 1026)","(587, 819, 835, 630, 657, 1026)"
275L-700_s-30.jpg,"(587, 819)","(833, 627)","(658, 1025)","(587, 819, 833, 627, 658, 1025)"
276L-700_s-30.jpg,"(587, 819)","(830, 623)","(660, 1025)","(587, 819, 830, 623, 660, 1025)"
277L-700_s-30.jpg,"(587, 819)","(827, 620)","(661, 1024)","(587, 819, 827, 620, 661, 1024)"
278L-700_s-30.jpg,"(587, 819)","(824, 617)","(662, 1024)","(587, 819, 824, 617, 662, 1024)"
279L-700_s-30.jpg,"(587, 819)","(822, 613)","(664, 1023)","(587, 819, 822, 613, 664, 1023)"
27L-50_s-2.jpg,"(587, 819)","(297, 933)","(372, 860)","(587, 819, 297, 933, 372, 860)"
280L-700_s-30.jpg,"(587, 819)","(819, 610)","(665, 1023)","(587, 819, 819, 610, 665, 1023)"
281L-700_s-30.jpg,"(587, 819)","(816, 607)","(667, 1022)","(587, 819, 816, 607, 667, 1022)"
282L-700_s-31.jpg,"(587, 819)","(813, 604)","(668, 1022)","(587, 819, 813, 604, 668, 1022)"
283L-700_s-31.jpg,"(587, 819)","(810, 601)","(670, 1021)","(587, 819, 810, 601, 670, 1021)"
284L-750_s-31.jpg,"(587, 819)","(807, 598)","(671, 1021)","(587, 819, 807, 598, 671, 1021)"
285L-750_s-31.jpg,"(587, 819)","(804, 595)","(672, 1020)","(587, 819, 804, 595, 672, 1020)"
286L-750_s-31.jpg,"(587, 819)","(801, 592)","(674, 1019)","(587, 819, 801, 592, 674, 1019)"
287L-750_s-31.jpg,"(587, 819)","(797, 589)","(675, 1019)","(587, 819, 797, 589, 675, 1019)"
288L-750_s-31.jpg,"(587, 819)","(794, 586)","(676, 1018)","(587, 819, 794, 586, 676, 1018)"
289L-750_s-31.jpg,"(587, 819)","(791, 583)","(678, 1018)","(587, 819, 791, 583, 678, 1018)"
28L-50_s-3.jpg,"(587, 819)","(298, 937)","(373, 861)","(587, 819, 298, 937, 373, 861)"
290L-750_s-31.jpg,"(587, 819)","(788, 580)","(679, 1017)","(587, 819, 788, 580, 679, 1017)"
291L-750_s-32.jpg,"(587, 819)","(784, 577)","(681, 1016)","(587, 819, 784, 577, 681, 1016)"
292L-750_s-32.jpg,"(587, 819)","(781, 575)","(682, 1016)","(587, 819, 781, 575, 682, 1016)"
293L-750_s-32.jpg,"(587, 819)","(778, 572)","(683, 1015)","(587, 819, 778, 572, 683, 1015)"
294L-750_s-32.jpg,"(587, 819)","(774, 569)","(685, 1014)","(587, 819, 774, 569, 685, 1014)"
295L-750_s-32.jpg,"(587, 819)","(771, 567)","(686, 1014)","(587, 819, 771, 567, 686, 1014)"
296L-750_s-32.jpg,"(587, 819)","(767, 564)","(687, 1013)","(587, 819, 767, 564, 687, 1013)"
297L-750_s-32.jpg,"(587, 819)","(764, 562)","(689, 1012)","(587, 819, 764, 562, 689, 1012)"
298L-750_s-32.jpg,"(587, 819)","(760, 559)","(690, 1012)","(587, 819, 760, 559, 690, 1012)"
299L-750_s-32.jpg,"(587, 819)","(756, 557)","(691, 1011)","(587, 819, 756, 557, 691, 1011)"
29L-50_s-3.jpg,"(587, 819)","(300, 941)","(373, 863)","(587, 819, 300, 941, 373, 863)"
2L-0_s-0.jpg,"(587, 819)","(275, 828)","(369, 822)","(587, 819, 275, 828, 369, 822)"
300L-750_s-33.jpg,"(587, 819)","(753, 555)","(693, 1010)","(587, 819, 753, 555, 693, 1010)"
301L-750_s-33.jpg,"(587, 819)","(749, 552)","(694, 1009)","(587, 819, 749, 552, 694, 1009)"
302L-750_s-33.jpg,"(587, 819)","(745, 550)","(695, 1009)","(587, 819, 745, 550, 695, 1009)"
303L-800_s-33.jpg,"(587, 819)","(742, 548)","(697, 1008)","(587, 819, 742, 548, 697, 1008)"
304L-800_s-33.jpg,"(587, 819)","(738, 546)","(698, 1007)","(587, 819, 738, 546, 698, 1007)"
305L-800_s-33.jpg,"(587, 819)","(734, 544)","(699, 1006)","(587, 819, 734, 544, 699, 1006)"
306L-800_s-33.jpg,"(587, 819)","(730, 542)","(701, 1006)","(587, 819, 730, 542, 701, 1006)"
307L-800_s-33.jpg,"(587, 819)","(726, 540)","(702, 1005)","(587, 819, 726, 540, 702, 1005)"
308L-800_s-33.jpg,"(587, 819)","(723, 538)","(703, 1004)","(587, 819, 723, 538, 703, 1004)"
309L-800_s-34.jpg,"(587, 819)","(719, 536)","(704, 1003)","(587, 819, 719, 536, 704, 1003)"
30L-50_s-3.jpg,"(587, 819)","(302, 945)","(373, 864)","(587, 819, 302, 945, 373, 864)"
310L-800_s-34.jpg,"(587, 819)","(715, 534)","(706, 1002)","(587, 819, 715, 534, 706, 1002)"
311L-800_s-34.jpg,"(587, 819)","(711, 533)","(707, 1002)","(587, 819, 711, 533, 707, 1002)"
312L-800_s-34.jpg,"(587, 819)","(707, 531)","(708, 1001)","(587, 819, 707, 531, 708, 1001)"
313L-800_s-34.jpg,"(587, 819)","(703, 529)","(709, 1000)","(587, 819, 703, 529, 709, 1000)"
314L-800_s-34.jpg,"(587, 819)","(699, 528)","(711, 999)","(587, 819, 699, 528, 711, 999)"
315L-800_s-34.jpg,"(587, 819)","(695, 526)","(712, 998)","(587, 819, 695, 526, 712, 998)"
316L-800_s-34.jpg,"(587, 819)","(691, 525)","(713, 997)","(587, 819, 691, 525, 713, 997)"
317L-800_s-34.jpg,"(587, 819)","(687, 523)","(714, 996)","(587, 819, 687, 523, 714, 996)"
318L-800_s-35.jpg,"(587, 819)","(683, 522)","(716, 996)","(587, 819, 683, 522, 716, 996)"
319L-800_s-35.jpg,"(587, 819)","(678, 521)","(717, 995)","(587, 819, 678, 521, 717, 995)"
31L-50_s-3.jpg,"(587, 819)","(303, 949)","(374, 865)","(587, 819, 303, 949, 374, 865)"
320L-800_s-35.jpg,"(587, 819)","(674, 519)","(718, 994)","(587, 819, 674, 519, 718, 994)"
321L-800_s-35.jpg,"(587, 819)","(670, 518)","(719, 993)","(587, 819, 670, 518, 719, 993)"
322L-850_s-35.jpg,"(587, 819)","(666, 517)","(720, 992)","(587, 819, 666, 517, 720, 992)"
323L-850_s-35.jpg,"(587, 819)","(662, 516)","(722, 991)","(587, 819, 662, 516, 722, 991)"
324L-850_s-35.jpg,"(587, 819)","(658, 515)","(723, 990)","(587, 819, 658, 515, 723, 990)"
325L-850_s-35.jpg,"(587, 819)","(653, 514)","(724, 989)","(587, 819, 653, 514, 724, 989)"
326L-850_s-35.jpg,"(587, 819)","(649, 513)","(725, 988)","(587, 819, 649, 513, 725, 988)"
327L-850_s-36.jpg,"(587, 819)","(645, 512)","(726, 987)","(587, 819, 645, 512, 726, 987)"
328L-850_s-36.jpg,"(587, 819)","(641, 512)","(728, 986)","(587, 819, 641, 512, 728, 986)"
329L-850_s-36.jpg,"(587, 819)","(636, 511)","(729, 985)","(587, 819, 636, 511, 729, 985)"
32L-50_s-3.jpg,"(587, 819)","(305, 953)","(374, 867)","(587, 819, 305, 953, 374, 867)"
330L-850_s-36.jpg,"(587, 819)","(632, 510)","(730, 984)","(587, 819, 632, 510, 730, 984)"
331L-850_s-36.jpg,"(587, 819)","(628, 510)","(731, 983)","(587, 819, 628, 510, 731, 983)"
332L-850_s-36.jpg,"(587, 819)","(624, 509)","(732, 982)","(587, 819, 624, 509, 732, 982)"
333L-850_s-36.jpg,"(587, 819)","(619, 509)","(733, 981)","(587, 819, 619, 509, 733, 981)"
334L-850_s-36.jpg,"(587, 819)","(615, 508)","(734, 980)","(587, 819, 615, 508, 734, 980)"
335L-850_s-36.jpg,"(587, 819)","(611, 508)","(735, 979)","(587, 819, 611, 508, 735, 979)"
336L-850_s-37.jpg,"(587, 819)","(606, 508)","(737, 978)","(587, 819, 606, 508, 737, 978)"
337L-850_s-37.jpg,"(587, 819)","(602, 507)","(738, 977)","(587, 819, 602, 507, 738, 977)"
338L-850_s-37.jpg,"(587, 819)","(598, 507)","(739, 976)","(587, 819, 598, 507, 739, 976)"
339L-850_s-37.jpg,"(587, 819)","(593, 507)","(740, 975)","(587, 819, 593, 507, 740, 975)"
33L-50_s-3.jpg,"(587, 819)","(307, 957)","(374, 868)","(587, 819, 307, 957, 374, 868)"
340L-850_s-37.jpg,"(587, 819)","(589, 507)","(741, 974)","(587, 819, 589, 507, 741, 974)"
341L-900_s-37.jpg,"(587, 819)","(585, 507)","(742, 973)","(587, 819, 585, 507, 742, 973)"
342L-900_s-37.jpg,"(587, 819)","(580, 507)","(743, 972)","(587, 819, 580, 507, 743, 972)"
343L-900_s-37.jpg,"(587, 819)","(576, 507)","(744, 971)","(587, 819, 576, 507, 744, 971)"
344L-900_s-37.jpg,"(587, 819)","(572, 507)","(745, 970)","(587, 819, 572, 507, 745, 970)"
345L-900_s-37.jpg,"(587, 819)","(568, 508)","(746, 969)","(587, 819, 568, 508, 746, 969)"
346L-900_s-38.jpg,"(587, 819)","(563, 508)","(747, 967)","(587, 819, 563, 508, 747, 967)"
347L-900_s-38.jpg,"(587, 819)","(559, 508)","(748, 966)","(587, 819, 559, 508, 748, 966)"
348L-900_s-38.jpg,"(587, 819)","(555, 509)","(749, 965)","(587, 819, 555, 509, 749, 965)"
349L-900_s-38.jpg,"(587, 819)","(550, 509)","(750, 964)","(587, 819, 550, 509, 750, 964)"
34L-50_s-3.jpg,"(587, 819)","(309, 960)","(375, 870)","(587, 819, 309, 960, 375, 870)"
350L-900_s-38.jpg,"(587, 819)","(546, 510)","(751, 963)","(587, 819, 546, 510, 751, 963)"
351L-900_s-38.jpg,"(587, 819)","(542, 510)","(752, 962)","(587, 819, 542, 510, 752, 962)"
352L-900_s-38.jpg,"(587, 819)","(538, 511)","(753, 961)","(587, 819, 538, 511, 753, 961)"
353L-900_s-38.jpg,"(587, 819)","(533, 512)","(754, 960)","(587, 819, 533, 512, 754, 960)"
354L-900_s-38.jpg,"(587, 819)","(529, 512)","(755, 958)","(587, 819, 529, 512, 755, 958)"
355L-900_s-39.jpg,"(587, 819)","(525, 513)","(756, 957)","(587, 819, 525, 513, 756, 957)"
356L-900_s-39.jpg,"(587, 819)","(521, 514)","(757, 956)","(587, 819, 521, 514, 757, 956)"
357L-900_s-39.jpg,"(587, 819)","(516, 515)","(758, 955)","(587, 819, 516, 515, 758, 955)"
358L-900_s-39.jpg,"(587, 819)","(512, 516)","(759, 954)","(587, 819, 512, 516, 759, 954)"
359L-900_s-39.jpg,"(587, 819)","(508, 517)","(760, 952)","(587, 819, 508, 517, 760, 952)"
35L-50_s-3.jpg,"(587, 819)","(311, 964)","(375, 871)","(587, 819, 311, 964, 375, 871)"
360L-950_s-39.jpg,"(587, 819)","(504, 518)","(761, 951)","(587, 819, 504, 518, 761, 951)"
361L-950_s-39.jpg,"(587, 819)","(500, 519)","(762, 950)","(587, 819, 500, 519, 762, 950)"
362L-950_s-39.jpg,"(587, 819)","(495, 521)","(763, 949)","(587, 819, 495, 521, 763, 949)"
363L-950_s-39.jpg,"(587, 819)","(491, 522)","(764, 948)","(587, 819, 491, 522, 764, 948)"
364L-950_s-40.jpg,"(587, 819)","(487, 523)","(764, 946)","(587, 819, 487, 523, 764, 946)"
365L-950_s-40.jpg,"(587, 819)","(483, 525)","(765, 945)","(587, 819, 483, 525, 765, 945)"
366L-950_s-40.jpg,"(587, 819)","(479, 526)","(766, 944)","(587, 819, 479, 526, 766, 944)"
367L-950_s-40.jpg,"(587, 819)","(475, 528)","(767, 943)","(587, 819, 475, 528, 767, 943)"
368L-950_s-40.jpg,"(587, 819)","(471, 529)","(768, 941)","(587, 819, 471, 529, 768, 941)"
369L-950_s-40.jpg,"(587, 819)","(467, 531)","(769, 940)","(587, 819, 467, 531, 769, 940)"
36L-50_s-3.jpg,"(587, 819)","(313, 968)","(375, 873)","(587, 819, 313, 968, 375, 873)"
370L-950_s-40.jpg,"(587, 819)","(463, 533)","(770, 939)","(587, 819, 463, 533, 770, 939)"
371L-950_s-40.jpg,"(587, 819)","(459, 534)","(770, 938)","(587, 819, 459, 534, 770, 938)"
372L-950_s-40.jpg,"(587, 819)","(455, 536)","(771, 936)","(587, 819, 455, 536, 771, 936)"
373L-950_s-41.jpg,"(587, 819)","(451, 538)","(772, 935)","(587, 819, 451, 538, 772, 935)"
374L-950_s-41.jpg,"(587, 819)","(447, 540)","(773, 934)","(587, 819, 447, 540, 773, 934)"
375L-950_s-41.jpg,"(587, 819)","(444, 542)","(774, 933)","(587, 819, 444, 542, 774, 933)"
376L-950_s-41.jpg,"(587, 819)","(440, 544)","(774, 931)","(587, 819, 440, 544, 774, 931)"
377L-950_s-41.jpg,"(587, 819)","(436, 546)","(775, 930)","(587, 819, 436, 546, 775, 930)"
378L-950_s-41.jpg,"(587, 819)","(432, 548)","(776, 929)","(587, 819, 432, 548, 776, 929)"
379L-1000_s-41.jpg,"(587, 819)","(428, 550)","(777, 927)","(587, 819, 428, 550, 777, 927)"
37L-50_s-4.jpg,"(587, 819)","(315, 972)","(376, 874)","(587, 819, 315, 972, 376, 874)"
380L-1000_s-41.jpg,"(587, 819)","(425, 552)","(777, 926)","(587, 819, 425, 552, 777, 926)"
381L-1000_s-41.jpg,"(587, 819)","(421, 555)","(778, 925)","(587, 819, 421, 555, 778, 925)"
382L-1000_s-42.jpg,"(587, 819)","(417, 557)","(779, 923)","(587, 819, 417, 557, 779, 923)"
383L-1000_s-42.jpg,"(587, 819)","(414, 559)","(780, 922)","(587, 819, 414, 559, 780, 922)"
384L-1000_s-42.jpg,"(587, 819)","(410, 562)","(780, 921)","(587, 819, 410, 562, 780, 921)"
385L-1000_s-42.jpg,"(587, 819)","(407, 564)","(781, 919)","(587, 819, 407, 564, 781, 919)"
386L-1000_s-42.jpg,"(587, 819)","(403, 567)","(782, 918)","(587, 819, 403, 567, 782, 918)"
387L-1000_s-42.jpg,"(587, 819)","(400, 569)","(782, 917)","(587, 819, 400, 569, 782, 917)"
388L-1000_s-42.jpg,"(587, 819)","(396, 572)","(783, 915)","(587, 819, 396, 572, 783, 915)"
389L-1000_s-42.jpg,"(587, 819)","(393, 575)","(784, 914)","(587, 819, 393, 575, 784, 914)"
38L-100_s-4.jpg,"(587, 819)","(317, 976)","(376, 876)","(587, 819, 317, 976, 376, 876)"
390L-1000_s-42.jpg,"(587, 819)","(390, 577)","(784, 913)","(587, 819, 390, 577, 784, 913)"
391L-1000_s-43.jpg,"(587, 819)","(386, 580)","(785, 911)","(587, 819, 386, 580, 785, 911)"
392L-1000_s-43.jpg,"(587, 819)","(383, 583)","(786, 910)","(587, 819, 383, 583, 786, 910)"
393L-1000_s-43.jpg,"(587, 819)","(380, 586)","(786, 908)","(587, 819, 380, 586, 786, 908)"
394L-1000_s-43.jpg,"(587, 819)","(376, 589)","(787, 907)","(587, 819, 376, 589, 787, 907)"
395L-1000_s-43.jpg,"(587, 819)","(373, 592)","(787, 906)","(587, 819, 373, 592, 787, 906)"
396L-1000_s-43.jpg,"(587, 819)","(370, 595)","(788, 904)","(587, 819, 370, 595, 788, 904)"
397L-1000_s-43.jpg,"(587, 819)","(367, 598)","(789, 903)","(587, 819, 367, 598, 789, 903)"
398L-1050_s-43.jpg,"(587, 819)","(364, 601)","(789, 902)","(587, 819, 364, 601, 789, 902)"
399L-1050_s-43.jpg,"(587, 819)","(361, 604)","(790, 900)","(587, 819, 361, 604, 790, 900)"
39L-100_s-4.jpg,"(587, 819)","(319, 979)","(377, 877)","(587, 819, 319, 979, 377, 877)"
3L-0_s-0.jpg,"(587, 819)","(275, 832)","(369, 824)","(587, 819, 275, 832, 369, 824)"
400L-1050_s-44.jpg,"(587, 819)","(358, 607)","(790, 899)","(587, 819, 358, 607, 790, 899)"
401L-1050_s-44.jpg,"(587, 819)","(355, 610)","(791, 897)","(587, 819, 355, 610, 791, 897)"
402L-1050_s-44.jpg,"(587, 819)","(352, 613)","(791, 896)","(587, 819, 352, 613, 791, 896)"
403L-1050_s-44.jpg,"(587, 819)","(350, 617)","(792, 894)","(587, 819, 350, 617, 792, 894)"
404L-1050_s-44.jpg,"(587, 819)","(347, 620)","(792, 893)","(587, 819, 347, 620, 792, 893)"
405L-1050_s-44.jpg,"(587, 819)","(344, 623)","(793, 892)","(587, 819, 344, 623, 793, 892)"
406L-1050_s-44.jpg,"(587, 819)","(341, 627)","(793, 890)","(587, 819, 341, 627, 793, 890)"
407L-1050_s-44.jpg,"(587, 819)","(339, 630)","(794, 889)","(587, 819, 339, 630, 794, 889)"
408L-1050_s-44.jpg,"(587, 819)","(336, 634)","(794, 887)","(587, 819, 336, 634, 794, 887)"
409L-1050_s-45.jpg,"(587, 819)","(334, 637)","(795, 886)","(587, 819, 334, 637, 795, 886)"
40L-100_s-4.jpg,"(587, 819)","(322, 983)","(377, 879)","(587, 819, 322, 983, 377, 879)"
410L-1050_s-45.jpg,"(587, 819)","(331, 641)","(795, 884)","(587, 819, 331, 641, 795, 884)"
411L-1050_s-45.jpg,"(587, 819)","(329, 644)","(796, 883)","(587, 819, 329, 644, 796, 883)"
412L-1050_s-45.jpg,"(587, 819)","(326, 648)","(796, 882)","(587, 819, 326, 648, 796, 882)"
413L-1050_s-45.jpg,"(587, 819)","(324, 651)","(797, 880)","(587, 819, 324, 651, 797, 880)"
414L-1050_s-45.jpg,"(587, 819)","(322, 655)","(797, 879)","(587, 819, 322, 655, 797, 879)"
415L-1050_s-45.jpg,"(587, 819)","(319, 659)","(797, 877)","(587, 819, 319, 659, 797, 877)"
416L-1050_s-45.jpg,"(587, 819)","(317, 662)","(798, 876)","(587, 819, 317, 662, 798, 876)"
417L-1100_s-45.jpg,"(587, 819)","(315, 666)","(798, 874)","(587, 819, 315, 666, 798, 874)"
418L-1100_s-46.jpg,"(587, 819)","(313, 670)","(799, 873)","(587, 819, 313, 670, 799, 873)"
419L-1100_s-46.jpg,"(587, 819)","(311, 674)","(799, 871)","(587, 819, 311, 674, 799, 871)"
41L-100_s-4.jpg,"(587, 819)","(324, 987)","(377, 880)","(587, 819, 324, 987, 377, 880)"
420L-1100_s-46.jpg,"(587, 819)","(309, 678)","(799, 870)","(587, 819, 309, 678, 799, 870)"
421L-1100_s-46.jpg,"(587, 819)","(307, 681)","(800, 868)","(587, 819, 307, 681, 800, 868)"
422L-1100_s-46.jpg,"(587, 819)","(305, 685)","(800, 867)","(587, 819, 305, 685, 800, 867)"
423L-1100_s-46.jpg,"(587, 819)","(303, 689)","(800, 865)","(587, 819, 303, 689, 800, 865)"
424L-1100_s-46.jpg,"(587, 819)","(301, 693)","(801, 864)","(587, 819, 301, 693, 801, 864)"
425L-1100_s-46.jpg,"(587, 819)","(300, 697)","(801, 863)","(587, 819, 300, 697, 801, 863)"
426L-1100_s-46.jpg,"(587, 819)","(298, 701)","(801, 861)","(587, 819, 298, 701, 801, 861)"
427L-1100_s-47.jpg,"(587, 819)","(297, 705)","(802, 860)","(587, 819, 297, 705, 802, 860)"
428L-1100_s-47.jpg,"(587, 819)","(295, 709)","(802, 858)","(587, 819, 295, 709, 802, 858)"
429L-1100_s-47.jpg,"(587, 819)","(293, 713)","(802, 857)","(587, 819, 293, 713, 802, 857)"
42L-100_s-4.jpg,"(587, 819)","(326, 990)","(378, 882)","(587, 819, 326, 990, 378, 882)"
430L-1100_s-47.jpg,"(587, 819)","(292, 717)","(802, 855)","(587, 819, 292, 717, 802, 855)"
431L-1100_s-47.jpg,"(587, 819)","(291, 721)","(803, 854)","(587, 819, 291, 721, 803, 854)"
432L-1100_s-47.jpg,"(587, 819)","(289, 726)","(803, 852)","(587, 819, 289, 726, 803, 852)"
433L-1100_s-47.jpg,"(587, 819)","(288, 730)","(803, 851)","(587, 819, 288, 730, 803, 851)"
434L-1100_s-47.jpg,"(587, 819)","(287, 734)","(803, 849)","(587, 819, 287, 734, 803, 849)"
435L-1100_s-47.jpg,"(587, 819)","(286, 738)","(804, 848)","(587, 819, 286, 738, 804, 848)"
436L-1150_s-48.jpg,"(587, 819)","(285, 742)","(804, 846)","(587, 819, 285, 742, 804, 846)"
437L-1150_s-48.jpg,"(587, 819)","(284, 746)","(804, 845)","(587, 819, 284, 746, 804, 845)"
438L-1150_s-48.jpg,"(587, 819)","(283, 751)","(804, 843)","(587, 819, 283, 751, 804, 843)"
439L-1150_s-48.jpg,"(587, 819)","(282, 755)","(804, 842)","(587, 819, 282, 755, 804, 842)"
43L-100_s-4.jpg,"(587, 819)","(329, 994)","(378, 883)","(587, 819, 329, 994, 378, 883)"
440L-1150_s-48.jpg,"(587, 819)","(281, 759)","(804, 840)","(587, 819, 281, 759, 804, 840)"
441L-1150_s-48.jpg,"(587, 819)","(280, 763)","(805, 839)","(587, 819, 280, 763, 805, 839)"
442L-1150_s-48.jpg,"(587, 819)","(279, 767)","(805, 837)","(587, 819, 279, 767, 805, 837)"
443L-1150_s-48.jpg,"(587, 819)","(279, 772)","(805, 836)","(587, 819, 279, 772, 805, 836)"
444L-1150_s-48.jpg,"(587, 819)","(278, 776)","(805, 834)","(587, 819, 278, 776, 805, 834)"
445L-1150_s-49.jpg,"(587, 819)","(277, 780)","(805, 833)","(587, 819, 277, 780, 805, 833)"
446L-1150_s-49.jpg,"(587, 819)","(277, 785)","(805, 831)","(587, 819, 277, 785, 805, 831)"
447L-1150_s-49.jpg,"(587, 819)","(276, 789)","(805, 830)","(587, 819, 276, 789, 805, 830)"
448L-1150_s-49.jpg,"(587, 819)","(276, 793)","(805, 828)","(587, 819, 276, 793, 805, 828)"
449L-1150_s-49.jpg,"(587, 819)","(276, 797)","(805, 827)","(587, 819, 276, 797, 805, 827)"
44L-100_s-4.jpg,"(587, 819)","(331, 997)","(379, 884)","(587, 819, 331, 997, 379, 884)"
450L-1150_s-49.jpg,"(587, 819)","(275, 802)","(805, 825)","(587, 819, 275, 802, 805, 825)"
451L-1150_s-49.jpg,"(587, 819)","(275, 806)","(805, 824)","(587, 819, 275, 806, 805, 824)"
452L-1150_s-49.jpg,"(587, 819)","(275, 810)","(805, 822)","(587, 819, 275, 810, 805, 822)"
453L-1150_s-49.jpg,"(587, 819)","(275, 815)","(805, 820)","(587, 819, 275, 815, 805, 820)"
454L-0_s-50.jpg,"(587, 819)","(275, 819)","(805, 819)","(587, 819, 275, 819, 805, 819)"
455L-0_s-50.jpg,"(587, 819)","(275, 823)","(805, 817)","(587, 819, 275, 823, 805, 817)"
456L-0_s-50.jpg,"(587, 819)","(275, 828)","(805, 816)","(587, 819, 275, 828, 805, 816)"
457L-0_s-50.jpg,"(587, 819)","(275, 832)","(805, 814)","(587, 819, 275, 832, 805, 814)"
458L-0_s-50.jpg,"(587, 819)","(275, 836)","(805, 813)","(587, 819, 275, 836, 805, 813)"
459L-0_s-50.jpg,"(587, 819)","(276, 841)","(805, 811)","(587, 819, 276, 841, 805, 811)"
45L-100_s-4.jpg,"(587, 819)","(334, 1001)","(379, 886)","(587, 819, 334, 1001, 379, 886)"
460L-0_s-50.jpg,"(587, 819)","(276, 845)","(805, 810)","(587, 819, 276, 845, 805, 810)"
461L-0_s-50.jpg,"(587, 819)","(276, 849)","(805, 808)","(587, 819, 276, 849, 805, 808)"
462L-0_s-50.jpg,"(587, 819)","(277, 854)","(805, 807)","(587, 819, 277, 854, 805, 807)"
463L-0_s-50.jpg,"(587, 819)","(277, 858)","(805, 805)","(587, 819, 277, 858, 805, 805)"
464L-0_s-51.jpg,"(587, 819)","(278, 862)","(805, 804)","(587, 819, 278, 862, 805, 804)"
465L-0_s-51.jpg,"(587, 819)","(279, 866)","(805, 802)","(587, 819, 279, 866, 805, 802)"
466L-0_s-51.jpg,"(587, 819)","(279, 871)","(805, 801)","(587, 819, 279, 871, 805, 801)"
467L-0_s-51.jpg,"(587, 819)","(280, 875)","(805, 799)","(587, 819, 280, 875, 805, 799)"
468L-0_s-51.jpg,"(587, 819)","(281, 879)","(804, 798)","(587, 819, 281, 879, 804, 798)"
469L-0_s-51.jpg,"(587, 819)","(282, 883)","(804, 796)","(587, 819, 282, 883, 804, 796)"
46L-100_s-5.jpg,"(587, 819)","(336, 1004)","(380, 887)","(587, 819, 336, 1004, 380, 887)"
470L-0_s-51.jpg,"(587, 819)","(283, 888)","(804, 795)","(587, 819, 283, 888, 804, 795)"
471L-0_s-51.jpg,"(587, 819)","(284, 892)","(804, 793)","(587, 819, 284, 892, 804, 793)"
472L-0_s-51.jpg,"(587, 819)","(285, 896)","(804, 792)","(587, 819, 285, 896, 804, 792)"
473L-50_s-52.jpg,"(587, 819)","(286, 900)","(804, 790)","(587, 819, 286, 900, 804, 790)"
474L-50_s-52.jpg,"(587, 819)","(287, 904)","(803, 789)","(587, 819, 287, 904, 803, 789)"
475L-50_s-52.jpg,"(587, 819)","(288, 908)","(803, 787)","(587, 819, 288, 908, 803, 787)"
476L-50_s-52.jpg,"(587, 819)","(289, 913)","(803, 786)","(587, 819, 289, 913, 803, 786)"
477L-50_s-52.jpg,"(587, 819)","(291, 917)","(803, 784)","(587, 819, 291, 917, 803, 784)"
478L-50_s-52.jpg,"(587, 819)","(292, 921)","(802, 783)","(587, 819, 292, 921, 802, 783)"
479L-50_s-52.jpg,"(587, 819)","(294, 925)","(802, 781)","(587, 819, 294, 925, 802, 781)"
47L-100_s-5.jpg,"(587, 819)","(339, 1008)","(380, 889)","(587, 819, 339, 1008, 380, 889)"
480L-50_s-52.jpg,"(587, 819)","(295, 929)","(802, 780)","(587, 819, 295, 929, 802, 780)"
481L-50_s-52.jpg,"(587, 819)","(297, 933)","(802, 778)","(587, 819, 297, 933, 802, 778)"
482L-50_s-53.jpg,"(587, 819)","(298, 937)","(801, 777)","(587, 819, 298, 937, 801, 777)"
483L-50_s-53.jpg,"(587, 819)","(300, 941)","(801, 775)","(587, 819, 300, 941, 801, 775)"
484L-50_s-53.jpg,"(587, 819)","(302, 945)","(801, 774)","(587, 819, 302, 945, 801, 774)"
485L-50_s-53.jpg,"(587, 819)","(303, 949)","(800, 772)","(587, 819, 303, 949, 800, 772)"
486L-50_s-53.jpg,"(587, 819)","(305, 953)","(800, 771)","(587, 819, 305, 953, 800, 771)"
487L-50_s-53.jpg,"(587, 819)","(307, 957)","(800, 770)","(587, 819, 307, 957, 800, 770)"
488L-50_s-53.jpg,"(587, 819)","(309, 961)","(799, 768)","(587, 819, 309, 961, 799, 768)"
489L-50_s-53.jpg,"(587, 819)","(311, 964)","(799, 767)","(587, 819, 311, 964, 799, 767)"
48L-100_s-5.jpg,"(587, 819)","(341, 1011)","(381, 890)","(587, 819, 341, 1011, 381, 890)"
490L-50_s-53.jpg,"(587, 819)","(313, 968)","(799, 765)","(587, 819, 313, 968, 799, 765)"
491L-50_s-54.jpg,"(587, 819)","(315, 972)","(798, 764)","(587, 819, 315, 972, 798, 764)"
492L-100_s-54.jpg,"(587, 819)","(317, 976)","(798, 762)","(587, 819, 317, 976, 798, 762)"
493L-100_s-54.jpg,"(587, 819)","(319, 979)","(797, 761)","(587, 819, 319, 979, 797, 761)"
494L-100_s-54.jpg,"(587, 819)","(322, 983)","(797, 759)","(587, 819, 322, 983, 797, 759)"
495L-100_s-54.jpg,"(587, 819)","(324, 987)","(797, 758)","(587, 819, 324, 987, 797, 758)"
496L-100_s-54.jpg,"(587, 819)","(326, 990)","(796, 756)","(587, 819, 326, 990, 796, 756)"
497L-100_s-54.jpg,"(587, 819)","(329, 994)","(796, 755)","(587, 819, 329, 994, 796, 755)"
498L-100_s-54.jpg,"(587, 819)","(331, 998)","(795, 754)","(587, 819, 331, 998, 795, 754)"
499L-100_s-54.jpg,"(587, 819)","(334, 1001)","(795, 752)","(587, 819, 334, 1001, 795, 752)"
49L-100_s-5.jpg,"(587, 819)","(344, 1015)","(381, 892)","(587, 819, 344, 1015, 381, 892)"
4L-0_s-0.jpg,"(587, 819)","(275, 836)","(369, 825)","(587, 819, 275, 836, 369, 825)"
500L-100_s-55.jpg,"(587, 819)","(336, 1005)","(794, 751)","(587, 819, 336, 1005, 794, 751)"
501L-100_s-55.jpg,"(587, 819)","(339, 1008)","(794, 749)","(587, 819, 339, 1008, 794, 749)"
502L-100_s-55.jpg,"(587, 819)","(341, 1011)","(793, 748)","(587, 819, 341, 1011, 793, 748)"
503L-100_s-55.jpg,"(587, 819)","(344, 1015)","(793, 746)","(587, 819, 344, 1015, 793, 746)"
504L-100_s-55.jpg,"(587, 819)","(347, 1018)","(792, 745)","(587, 819, 347, 1018, 792, 745)"
505L-100_s-55.jpg,"(587, 819)","(350, 1021)","(792, 743)","(587, 819, 350, 1021, 792, 743)"
506L-100_s-55.jpg,"(587, 819)","(352, 1025)","(791, 742)","(587, 819, 352, 1025, 791, 742)"
507L-100_s-55.jpg,"(587, 819)","(355, 1028)","(791, 741)","(587, 819, 355, 1028, 791, 741)"
508L-100_s-55.jpg,"(587, 819)","(358, 1031)","(790, 739)","(587, 819, 358, 1031, 790, 739)"
509L-100_s-56.jpg,"(587, 819)","(361, 1034)","(790, 738)","(587, 819, 361, 1034, 790, 738)"
50L-100_s-5.jpg,"(587, 819)","(347, 1018)","(382, 893)","(587, 819, 347, 1018, 382, 893)"
510L-100_s-56.jpg,"(587, 819)","(364, 1037)","(789, 736)","(587, 819, 364, 1037, 789, 736)"
511L-150_s-56.jpg,"(587, 819)","(367, 1040)","(789, 735)","(587, 819, 367, 1040, 789, 735)"
512L-150_s-56.jpg,"(587, 819)","(370, 1043)","(788, 734)","(587, 819, 370, 1043, 788, 734)"
513L-150_s-56.jpg,"(587, 819)","(373, 1046)","(787, 732)","(587, 819, 373, 1046, 787, 732)"
514L-150_s-56.jpg,"(587, 819)","(377, 1049)","(787, 731)","(587, 819, 377, 1049, 787, 731)"
515L-150_s-56.jpg,"(587, 819)","(380, 1052)","(786, 730)","(587, 819, 380, 1052, 786, 730)"
516L-150_s-56.jpg,"(587, 819)","(383, 1055)","(786, 728)","(587, 819, 383, 1055, 786, 728)"
517L-150_s-56.jpg,"(587, 819)","(386, 1058)","(785, 727)","(587, 819, 386, 1058, 785, 727)"
518L-150_s-57.jpg,"(587, 819)","(390, 1061)","(784, 725)","(587, 819, 390, 1061, 784, 725)"
519L-150_s-57.jpg,"(587, 819)","(393, 1063)","(784, 724)","(587, 819, 393, 1063, 784, 724)"
51L-100_s-5.jpg,"(587, 819)","(350, 1021)","(382, 894)","(587, 819, 350, 1021, 382, 894)"
520L-150_s-57.jpg,"(587, 819)","(396, 1066)","(783, 723)","(587, 819, 396, 1066, 783, 723)"
521L-150_s-57.jpg,"(587, 819)","(400, 1069)","(782, 721)","(587, 819, 400, 1069, 782, 721)"
522L-150_s-57.jpg,"(587, 819)","(403, 1071)","(782, 720)","(587, 819, 403, 1071, 782, 720)"
523L-150_s-57.jpg,"(587, 819)","(407, 1074)","(781, 719)","(587, 819, 407, 1074, 781, 719)"
524L-150_s-57.jpg,"(587, 819)","(410, 1076)","(780, 717)","(587, 819, 410, 1076, 780, 717)"
525L-150_s-57.jpg,"(587, 819)","(414, 1079)","(780, 716)","(587, 819, 414, 1079, 780, 716)"
526L-150_s-57.jpg,"(587, 819)","(418, 1081)","(779, 715)","(587, 819, 418, 1081, 779, 715)"
527L-150_s-58.jpg,"(587, 819)","(421, 1083)","(778, 713)","(587, 819, 421, 1083, 778, 713)"
528L-150_s-58.jpg,"(587, 819)","(425, 1086)","(777, 712)","(587, 819, 425, 1086, 777, 712)"
529L-150_s-58.jpg,"(587, 819)","(429, 1088)","(777, 711)","(587, 819, 429, 1088, 777, 711)"
52L-100_s-5.jpg,"(587, 819)","(352, 1025)","(383, 896)","(587, 819, 352, 1025, 383, 896)"
530L-200_s-58.jpg,"(587, 819)","(432, 1090)","(776, 709)","(587, 819, 432, 1090, 776, 709)"
531L-200_s-58.jpg,"(587, 819)","(436, 1092)","(775, 708)","(587, 819, 436, 1092, 775, 708)"
532L-200_s-58.jpg,"(587, 819)","(440, 1094)","(774, 707)","(587, 819, 440, 1094, 774, 707)"
533L-200_s-58.jpg,"(587, 819)","(444, 1096)","(774, 705)","(587, 819, 444, 1096, 774, 705)"
534L-200_s-58.jpg,"(587, 819)","(448, 1098)","(773, 704)","(587, 819, 448, 1098, 773, 704)"
535L-200_s-58.jpg,"(587, 819)","(451, 1100)","(772, 703)","(587, 819, 451, 1100, 772, 703)"
536L-200_s-59.jpg,"(587, 819)","(455, 1102)","(771, 702)","(587, 819, 455, 1102, 771, 702)"
537L-200_s-59.jpg,"(587, 819)","(459, 1104)","(770, 700)","(587, 819, 459, 1104, 770, 700)"
538L-200_s-59.jpg,"(587, 819)","(463, 1105)","(770, 699)","(587, 819, 463, 1105, 770, 699)"
539L-200_s-59.jpg,"(587, 819)","(467, 1107)","(769, 698)","(587, 819, 467, 1107, 769, 698)"
53L-100_s-5.jpg,"(587, 819)","(355, 1028)","(383, 897)","(587, 819, 355, 1028, 383, 897)"
540L-200_s-59.jpg,"(587, 819)","(471, 1109)","(768, 697)","(587, 819, 471, 1109, 768, 697)"
541L-200_s-59.jpg,"(587, 819)","(475, 1110)","(767, 695)","(587, 819, 475, 1110, 767, 695)"
542L-200_s-59.jpg,"(587, 819)","(479, 1112)","(766, 694)","(587, 819, 479, 1112, 766, 694)"
543L-200_s-59.jpg,"(587, 819)","(483, 1113)","(765, 693)","(587, 819, 483, 1113, 765, 693)"
544L-200_s-59.jpg,"(587, 819)","(487, 1115)","(764, 692)","(587, 819, 487, 1115, 764, 692)"
545L-200_s-60.jpg,"(587, 819)","(491, 1116)","(763, 690)","(587, 819, 491, 1116, 763, 690)"
546L-200_s-60.jpg,"(587, 819)","(496, 1117)","(763, 689)","(587, 819, 496, 1117, 763, 689)"
547L-200_s-60.jpg,"(587, 819)","(500, 1119)","(762, 688)","(587, 819, 500, 1119, 762, 688)"
548L-200_s-60.jpg,"(587, 819)","(504, 1120)","(761, 687)","(587, 819, 504, 1120, 761, 687)"
549L-250_s-60.jpg,"(587, 819)","(508, 1121)","(760, 686)","(587, 819, 508, 1121, 760, 686)"
54L-100_s-5.jpg,"(587, 819)","(358, 1031)","(384, 899)","(587, 819, 358, 1031, 384, 899)"
550L-250_s-60.jpg,"(587, 819)","(512, 1122)","(759, 684)","(587, 819, 512, 1122, 759, 684)"
551L-250_s-60.jpg,"(587, 819)","(516, 1123)","(758, 683)","(587, 819, 516, 1123, 758, 683)"
552L-250_s-60.jpg,"(587, 819)","(521, 1124)","(757, 682)","(587, 819, 521, 1124, 757, 682)"
553L-250_s-60.jpg,"(587, 819)","(525, 1125)","(756, 681)","(587, 819, 525, 1125, 756, 681)"
554L-250_s-61.jpg,"(587, 819)","(529, 1126)","(755, 680)","(587, 819, 529, 1126, 755, 680)"
555L-250_s-61.jpg,"(587, 819)","(533, 1126)","(754, 678)","(587, 819, 533, 1126, 754, 678)"
556L-250_s-61.jpg,"(587, 819)","(538, 1127)","(753, 677)","(587, 819, 538, 1127, 753, 677)"
557L-250_s-61.jpg,"(587, 819)","(542, 1128)","(752, 676)","(587, 819, 542, 1128, 752, 676)"
558L-250_s-61.jpg,"(587, 819)","(546, 1128)","(751, 675)","(587, 819, 546, 1128, 751, 675)"
559L-250_s-61.jpg,"(587, 819)","(550, 1129)","(750, 674)","(587, 819, 550, 1129, 750, 674)"
55L-100_s-6.jpg,"(587, 819)","(361, 1034)","(384, 900)","(587, 819, 361, 1034, 384, 900)"
560L-250_s-61.jpg,"(587, 819)","(555, 1129)","(749, 673)","(587, 819, 555, 1129, 749, 673)"
561L-250_s-61.jpg,"(587, 819)","(559, 1130)","(748, 672)","(587, 819, 559, 1130, 748, 672)"
562L-250_s-61.jpg,"(587, 819)","(563, 1130)","(747, 671)","(587, 819, 563, 1130, 747, 671)"
563L-250_s-62.jpg,"(587, 819)","(568, 1130)","(746, 669)","(587, 819, 568, 1130, 746, 669)"
564L-250_s-62.jpg,"(587, 819)","(572, 1131)","(745, 668)","(587, 819, 572, 1131, 745, 668)"
565L-250_s-62.jpg,"(587, 819)","(576, 1131)","(744, 667)","(587, 819, 576, 1131, 744, 667)"
566L-250_s-62.jpg,"(587, 819)","(581, 1131)","(743, 666)","(587, 819, 581, 1131, 743, 666)"
567L-250_s-62.jpg,"(587, 819)","(585, 1131)","(742, 665)","(587, 819, 585, 1131, 742, 665)"
568L-300_s-62.jpg,"(587, 819)","(589, 1131)","(741, 664)","(587, 819, 589, 1131, 741, 664)"
569L-300_s-62.jpg,"(587, 819)","(594, 1131)","(740, 663)","(587, 819, 594, 1131, 740, 663)"
56L-100_s-6.jpg,"(587, 819)","(364, 1037)","(385, 902)","(587, 819, 364, 1037, 385, 902)"
570L-300_s-62.jpg,"(587, 819)","(598, 1131)","(739, 662)","(587, 819, 598, 1131, 739, 662)"
571L-300_s-62.jpg,"(587, 819)","(602, 1131)","(738, 661)","(587, 819, 602, 1131, 738, 661)"
572L-300_s-62.jpg,"(587, 819)","(606, 1130)","(737, 660)","(587, 819, 606, 1130, 737, 660)"
573L-300_s-63.jpg,"(587, 819)","(611, 1130)","(735, 659)","(587, 819, 611, 1130, 735, 659)"
574L-300_s-63.jpg,"(587, 819)","(615, 1130)","(734, 658)","(587, 819, 615, 1130, 734, 658)"
575L-300_s-63.jpg,"(587, 819)","(619, 1129)","(733, 657)","(587, 819, 619, 1129, 733, 657)"
576L-300_s-63.jpg,"(587, 819)","(624, 1129)","(732, 656)","(587, 819, 624, 1129, 732, 656)"
577L-300_s-63.jpg,"(587, 819)","(628, 1128)","(731, 655)","(587, 819, 628, 1128, 731, 655)"
578L-300_s-63.jpg,"(587, 819)","(632, 1128)","(730, 654)","(587, 819, 632, 1128, 730, 654)"
579L-300_s-63.jpg,"(587, 819)","(637, 1127)","(729, 653)","(587, 819, 637, 1127, 729, 653)"
57L-150_s-6.jpg,"(587, 819)","(367, 1040)","(385, 903)","(587, 819, 367, 1040, 385, 903)"
580L-300_s-63.jpg,"(587, 819)","(641, 1126)","(727, 652)","(587, 819, 641, 1126, 727, 652)"
581L-300_s-63.jpg,"(587, 819)","(645, 1126)","(726, 651)","(587, 819, 645, 1126, 726, 651)"
582L-300_s-64.jpg,"(587, 819)","(649, 1125)","(725, 650)","(587, 819, 649, 1125, 725, 650)"
583L-300_s-64.jpg,"(587, 819)","(653, 1124)","(724, 649)","(587, 819, 653, 1124, 724, 649)"
584L-300_s-64.jpg,"(587, 819)","(658, 1123)","(723, 648)","(587, 819, 658, 1123, 723, 648)"
585L-300_s-64.jpg,"(587, 819)","(662, 1122)","(722, 647)","(587, 819, 662, 1122, 722, 647)"
586L-300_s-64.jpg,"(587, 819)","(666, 1121)","(720, 646)","(587, 819, 666, 1121, 720, 646)"
587L-350_s-64.jpg,"(587, 819)","(670, 1120)","(719, 645)","(587, 819, 670, 1120, 719, 645)"
588L-350_s-64.jpg,"(587, 819)","(674, 1119)","(718, 644)","(587, 819, 674, 1119, 718, 644)"
589L-350_s-64.jpg,"(587, 819)","(679, 1117)","(717, 643)","(587, 819, 679, 1117, 717, 643)"
58L-150_s-6.jpg,"(587, 819)","(370, 1043)","(386, 904)","(587, 819, 370, 1043, 386, 904)"
590L-350_s-64.jpg,"(587, 819)","(683, 1116)","(716, 642)","(587, 819, 683, 1116, 716, 642)"
591L-350_s-65.jpg,"(587, 819)","(687, 1115)","(714, 642)","(587, 819, 687, 1115, 714, 642)"
592L-350_s-65.jpg,"(587, 819)","(691, 1113)","(713, 641)","(587, 819, 691, 1113, 713, 641)"
593L-350_s-65.jpg,"(587, 819)","(695, 1112)","(712, 640)","(587, 819, 695, 1112, 712, 640)"
594L-350_s-65.jpg,"(587, 819)","(699, 1110)","(711, 639)","(587, 819, 699, 1110, 711, 639)"
595L-350_s-65.jpg,"(587, 819)","(703, 1109)","(709, 638)","(587, 819, 703, 1109, 709, 638)"
596L-350_s-65.jpg,"(587, 819)","(707, 1107)","(708, 637)","(587, 819, 707, 1107, 708, 637)"
597L-350_s-65.jpg,"(587, 819)","(711, 1105)","(707, 636)","(587, 819, 711, 1105, 707, 636)"
598L-350_s-65.jpg,"(587, 819)","(715, 1104)","(706, 636)","(587, 819, 715, 1104, 706, 636)"
599L-350_s-65.jpg,"(587, 819)","(719, 1102)","(704, 635)","(587, 819, 719, 1102, 704, 635)"
59L-150_s-6.jpg,"(587, 819)","(373, 1046)","(387, 906)","(587, 819, 373, 1046, 387, 906)"
5L-0_s-0.jpg,"(587, 819)","(276, 841)","(369, 827)","(587, 819, 276, 841, 369, 827)"
600L-350_s-66.jpg,"(587, 819)","(723, 1100)","(703, 634)","(587, 819, 723, 1100, 703, 634)"
601L-350_s-66.jpg,"(587, 819)","(727, 1098)","(702, 633)","(587, 819, 727, 1098, 702, 633)"
602L-350_s-66.jpg,"(587, 819)","(730, 1096)","(701, 632)","(587, 819, 730, 1096, 701, 632)"
603L-350_s-66.jpg,"(587, 819)","(734, 1094)","(699, 632)","(587, 819, 734, 1094, 699, 632)"
604L-350_s-66.jpg,"(587, 819)","(738, 1092)","(698, 631)","(587, 819, 738, 1092, 698, 631)"
605L-350_s-66.jpg,"(587, 819)","(742, 1090)","(697, 630)","(587, 819, 742, 1090, 697, 630)"
606L-400_s-66.jpg,"(587, 819)","(746, 1088)","(695, 629)","(587, 819, 746, 1088, 695, 629)"
607L-400_s-66.jpg,"(587, 819)","(749, 1085)","(694, 629)","(587, 819, 749, 1085, 694, 629)"
608L-400_s-66.jpg,"(587, 819)","(753, 1083)","(693, 628)","(587, 819, 753, 1083, 693, 628)"
609L-400_s-67.jpg,"(587, 819)","(757, 1081)","(691, 627)","(587, 819, 757, 1081, 691, 627)"
60L-150_s-6.jpg,"(587, 819)","(377, 1049)","(387, 907)","(587, 819, 377, 1049, 387, 907)"
610L-400_s-67.jpg,"(587, 819)","(760, 1079)","(690, 626)","(587, 819, 760, 1079, 690, 626)"
611L-400_s-67.jpg,"(587, 819)","(764, 1076)","(689, 626)","(587, 819, 764, 1076, 689, 626)"
612L-400_s-67.jpg,"(587, 819)","(767, 1074)","(687, 625)","(587, 819, 767, 1074, 687, 625)"
613L-400_s-67.jpg,"(587, 819)","(771, 1071)","(686, 624)","(587, 819, 771, 1071, 686, 624)"
614L-400_s-67.jpg,"(587, 819)","(774, 1069)","(685, 624)","(587, 819, 774, 1069, 685, 624)"
615L-400_s-67.jpg,"(587, 819)","(778, 1066)","(683, 623)","(587, 819, 778, 1066, 683, 623)"
616L-400_s-67.jpg,"(587, 819)","(781, 1063)","(682, 622)","(587, 819, 781, 1063, 682, 622)"
617L-400_s-67.jpg,"(587, 819)","(784, 1061)","(681, 622)","(587, 819, 784, 1061, 681, 622)"
618L-400_s-68.jpg,"(587, 819)","(788, 1058)","(679, 621)","(587, 819, 788, 1058, 679, 621)"
619L-400_s-68.jpg,"(587, 819)","(791, 1055)","(678, 620)","(587, 819, 791, 1055, 678, 620)"
61L-150_s-6.jpg,"(587, 819)","(380, 1052)","(388, 908)","(587, 819, 380, 1052, 388, 908)"
620L-400_s-68.jpg,"(587, 819)","(794, 1052)","(676, 620)","(587, 819, 794, 1052, 676, 620)"
621L-400_s-68.jpg,"(587, 819)","(798, 1049)","(675, 619)","(587, 819, 798, 1049, 675, 619)"
622L-400_s-68.jpg,"(587, 819)","(801, 1046)","(674, 619)","(587, 819, 801, 1046, 674, 619)"
623L-400_s-68.jpg,"(587, 819)","(804, 1043)","(672, 618)","(587, 819, 804, 1043, 672, 618)"
624L-400_s-68.jpg,"(587, 819)","(807, 1040)","(671, 617)","(587, 819, 807, 1040, 671, 617)"
625L-450_s-68.jpg,"(587, 819)","(810, 1037)","(670, 617)","(587, 819, 810, 1037, 670, 617)"
626L-450_s-68.jpg,"(587, 819)","(813, 1034)","(668, 616)","(587, 819, 813, 1034, 668, 616)"
627L-450_s-69.jpg,"(587, 819)","(816, 1031)","(667, 616)","(587, 819, 816, 1031, 667, 616)"
628L-450_s-69.jpg,"(587, 819)","(819, 1028)","(665, 615)","(587, 819, 819, 1028, 665, 615)"
629L-450_s-69.jpg,"(587, 819)","(822, 1025)","(664, 615)","(587, 819, 822, 1025, 664, 615)"
62L-150_s-6.jpg,"(587, 819)","(383, 1055)","(388, 910)","(587, 819, 383, 1055, 388, 910)"
630L-450_s-69.jpg,"(587, 819)","(825, 1021)","(662, 614)","(587, 819, 825, 1021, 662, 614)"
631L-450_s-69.jpg,"(587, 819)","(827, 1018)","(661, 614)","(587, 819, 827, 1018, 661, 614)"
632L-450_s-69.jpg,"(587, 819)","(830, 1015)","(660, 613)","(587, 819, 830, 1015, 660, 613)"
633L-450_s-69.jpg,"(587, 819)","(833, 1011)","(658, 613)","(587, 819, 833, 1011, 658, 613)"
634L-450_s-69.jpg,"(587, 819)","(835, 1008)","(657, 612)","(587, 819, 835, 1008, 657, 612)"
635L-450_s-69.jpg,"(587, 819)","(838, 1004)","(655, 612)","(587, 819, 838, 1004, 655, 612)"
636L-450_s-70.jpg,"(587, 819)","(840, 1001)","(654, 611)","(587, 819, 840, 1001, 654, 611)"
637L-450_s-70.jpg,"(587, 819)","(843, 997)","(652, 611)","(587, 819, 843, 997, 652, 611)"
638L-450_s-70.jpg,"(587, 819)","(845, 994)","(651, 610)","(587, 819, 845, 994, 651, 610)"
639L-450_s-70.jpg,"(587, 819)","(848, 990)","(650, 610)","(587, 819, 848, 990, 650, 610)"
63L-150_s-6.jpg,"(587, 819)","(386, 1058)","(389, 911)","(587, 819, 386, 1058, 389, 911)"
640L-450_s-70.jpg,"(587, 819)","(850, 987)","(648, 609)","(587, 819, 850, 987, 648, 609)"
641L-450_s-70.jpg,"(587, 819)","(852, 983)","(647, 609)","(587, 819, 852, 983, 647, 609)"
642L-450_s-70.jpg,"(587, 819)","(855, 979)","(645, 608)","(587, 819, 855, 979, 645, 608)"
643L-450_s-70.jpg,"(587, 819)","(857, 976)","(644, 608)","(587, 819, 857, 976, 644, 608)"
644L-500_s-70.jpg,"(587, 819)","(859, 972)","(642, 608)","(587, 819, 859, 972, 642, 608)"
645L-500_s-71.jpg,"(587, 819)","(861, 968)","(641, 607)","(587, 819, 861, 968, 641, 607)"
646L-500_s-71.jpg,"(587, 819)","(863, 964)","(639, 607)","(587, 819, 863, 964, 639, 607)"
647L-500_s-71.jpg,"(587, 819)","(865, 960)","(638, 607)","(587, 819, 865, 960, 638, 607)"
648L-500_s-71.jpg,"(587, 819)","(867, 957)","(636, 606)","(587, 819, 867, 957, 636, 606)"
649L-500_s-71.jpg,"(587, 819)","(869, 953)","(635, 606)","(587, 819, 869, 953, 635, 606)"
64L-150_s-7.jpg,"(587, 819)","(390, 1061)","(390, 913)","(587, 819, 390, 1061, 390, 913)"
650L-500_s-71.jpg,"(587, 819)","(871, 949)","(633, 606)","(587, 819, 871, 949, 633, 606)"
651L-500_s-71.jpg,"(587, 819)","(873, 945)","(632, 605)","(587, 819, 873, 945, 632, 605)"
652L-500_s-71.jpg,"(587, 819)","(874, 941)","(631, 605)","(587, 819, 874, 941, 631, 605)"
653L-500_s-71.jpg,"(587, 819)","(876, 937)","(629, 605)","(587, 819, 876, 937, 629, 605)"
654L-500_s-72.jpg,"(587, 819)","(877, 933)","(628, 604)","(587, 819, 877, 933, 628, 604)"
655L-500_s-72.jpg,"(587, 819)","(879, 929)","(626, 604)","(587, 819, 879, 929, 626, 604)"
656L-500_s-72.jpg,"(587, 819)","(881, 925)","(625, 604)","(587, 819, 881, 925, 625, 604)"
657L-500_s-72.jpg,"(587, 819)","(882, 921)","(623, 604)","(587, 819, 882, 921, 623, 604)"
658L-500_s-72.jpg,"(587, 819)","(883, 917)","(622, 603)","(587, 819, 883, 917, 622, 603)"
659L-500_s-72.jpg,"(587, 819)","(885, 912)","(620, 603)","(587, 819, 885, 912, 620, 603)"
65L-150_s-7.jpg,"(587, 819)","(393, 1063)","(390, 914)","(587, 819, 393, 1063, 390, 914)"
660L-500_s-72.jpg,"(587, 819)","(886, 908)","(619, 603)","(587, 819, 886, 908, 619, 603)"
661L-500_s-72.jpg,"(587, 819)","(887, 904)","(617, 603)","(587, 819, 887, 904, 617, 603)"
662L-500_s-72.jpg,"(587, 819)","(888, 900)","(616, 602)","(587, 819, 888, 900, 616, 602)"
663L-550_s-73.jpg,"(587, 819)","(889, 896)","(614, 602)","(587, 819, 889, 896, 614, 602)"
664L-550_s-73.jpg,"(587, 819)","(890, 892)","(613, 602)","(587, 819, 890, 892, 613, 602)"
665L-550_s-73.jpg,"(587, 819)","(891, 887)","(611, 602)","(587, 819, 891, 887, 611, 602)"
666L-550_s-73.jpg,"(587, 819)","(892, 883)","(610, 602)","(587, 819, 892, 883, 610, 602)"
667L-550_s-73.jpg,"(587, 819)","(893, 879)","(608, 602)","(587, 819, 893, 879, 608, 602)"
668L-550_s-73.jpg,"(587, 819)","(894, 875)","(607, 601)","(587, 819, 894, 875, 607, 601)"
669L-550_s-73.jpg,"(587, 819)","(895, 870)","(605, 601)","(587, 819, 895, 870, 605, 601)"
66L-150_s-7.jpg,"(587, 819)","(396, 1066)","(391, 915)","(587, 819, 396, 1066, 391, 915)"
670L-550_s-73.jpg,"(587, 819)","(895, 866)","(604, 601)","(587, 819, 895, 866, 604, 601)"
671L-550_s-73.jpg,"(587, 819)","(896, 862)","(602, 601)","(587, 819, 896, 862, 602, 601)"
672L-550_s-74.jpg,"(587, 819)","(897, 858)","(601, 601)","(587, 819, 897, 858, 601, 601)"
673L-550_s-74.jpg,"(587, 819)","(897, 853)","(599, 601)","(587, 819, 897, 853, 599, 601)"
674L-550_s-74.jpg,"(587, 819)","(898, 849)","(598, 601)","(587, 819, 898, 849, 598, 601)"
675L-550_s-74.jpg,"(587, 819)","(898, 845)","(596, 601)","(587, 819, 898, 845, 596, 601)"
676L-550_s-74.jpg,"(587, 819)","(898, 840)","(595, 601)","(587, 819, 898, 840, 595, 601)"
677L-550_s-74.jpg,"(587, 819)","(899, 836)","(593, 601)","(587, 819, 899, 836, 593, 601)"
678L-550_s-74.jpg,"(587, 819)","(899, 832)","(592, 601)","(587, 819, 899, 832, 592, 601)"
679L-550_s-74.jpg,"(587, 819)","(899, 828)","(590, 601)","(587, 819, 899, 828, 590, 601)"
67L-150_s-7.jpg,"(587, 819)","(400, 1069)","(392, 917)","(587, 819, 400, 1069, 392, 917)"
680L-550_s-74.jpg,"(587, 819)","(899, 823)","(588, 601)","(587, 819, 899, 823, 588, 601)"
681L-600_s-75.jpg,"(587, 819)","(899, 819)","(587, 601)","(587, 819, 899, 819, 587, 601)"
682L-600_s-75.jpg,"(587, 819)","(899, 815)","(585, 601)","(587, 819, 899, 815, 585, 601)"
683L-600_s-75.jpg,"(587, 819)","(899, 810)","(584, 601)","(587, 819, 899, 810, 584, 601)"
684L-600_s-75.jpg,"(587, 819)","(899, 806)","(582, 601)","(587, 819, 899, 806, 582, 601)"
685L-600_s-75.jpg,"(587, 819)","(899, 802)","(581, 601)","(587, 819, 899, 802, 581, 601)"
686L-600_s-75.jpg,"(587, 819)","(898, 797)","(579, 601)","(587, 819, 898, 797, 579, 601)"
687L-600_s-75.jpg,"(587, 819)","(898, 793)","(578, 601)","(587, 819, 898, 793, 578, 601)"
688L-600_s-75.jpg,"(587, 819)","(898, 789)","(576, 601)","(587, 819, 898, 789, 576, 601)"
689L-600_s-75.jpg,"(587, 819)","(897, 784)","(575, 601)","(587, 819, 897, 784, 575, 601)"
68L-150_s-7.jpg,"(587, 819)","(403, 1071)","(392, 918)","(587, 819, 403, 1071, 392, 918)"
690L-600_s-75.jpg,"(587, 819)","(897, 780)","(573, 601)","(587, 819, 897, 780, 573, 601)"
691L-600_s-76.jpg,"(587, 819)","(896, 776)","(572, 601)","(587, 819, 896, 776, 572, 601)"
692L-600_s-76.jpg,"(587, 819)","(895, 772)","(570, 601)","(587, 819, 895, 772, 570, 601)"
693L-600_s-76.jpg,"(587, 819)","(895, 767)","(569, 601)","(587, 819, 895, 767, 569, 601)"
694L-600_s-76.jpg,"(587, 819)","(894, 763)","(567, 601)","(587, 819, 894, 763, 567, 601)"
695L-600_s-76.jpg,"(587, 819)","(893, 759)","(566, 602)","(587, 819, 893, 759, 566, 602)"
696L-600_s-76.jpg,"(587, 819)","(892, 755)","(564, 602)","(587, 819, 892, 755, 564, 602)"
697L-600_s-76.jpg,"(587, 819)","(891, 750)","(563, 602)","(587, 819, 891, 750, 563, 602)"
698L-600_s-76.jpg,"(587, 819)","(890, 746)","(561, 602)","(587, 819, 890, 746, 561, 602)"
699L-600_s-76.jpg,"(587, 819)","(889, 742)","(560, 602)","(587, 819, 889, 742, 560, 602)"
69L-150_s-7.jpg,"(587, 819)","(407, 1074)","(393, 919)","(587, 819, 407, 1074, 393, 919)"
6L-0_s-0.jpg,"(587, 819)","(276, 845)","(369, 828)","(587, 819, 276, 845, 369, 828)"
700L-650_s-77.jpg,"(587, 819)","(888, 738)","(558, 602)","(587, 819, 888, 738, 558, 602)"
701L-650_s-77.jpg,"(587, 819)","(887, 734)","(557, 603)","(587, 819, 887, 734, 557, 603)"
702L-650_s-77.jpg,"(587, 819)","(886, 730)","(555, 603)","(587, 819, 886, 730, 555, 603)"
703L-650_s-77.jpg,"(587, 819)","(885, 725)","(554, 603)","(587, 819, 885, 725, 554, 603)"
704L-650_s-77.jpg,"(587, 819)","(883, 721)","(552, 603)","(587, 819, 883, 721, 552, 603)"
705L-650_s-77.jpg,"(587, 819)","(882, 717)","(551, 604)","(587, 819, 882, 717, 551, 604)"
706L-650_s-77.jpg,"(587, 819)","(880, 713)","(549, 604)","(587, 819, 880, 713, 549, 604)"
707L-650_s-77.jpg,"(587, 819)","(879, 709)","(548, 604)","(587, 819, 879, 709, 548, 604)"
708L-650_s-77.jpg,"(587, 819)","(877, 705)","(546, 604)","(587, 819, 877, 705, 546, 604)"
709L-650_s-78.jpg,"(587, 819)","(876, 701)","(545, 605)","(587, 819, 876, 701, 545, 605)"
70L-150_s-7.jpg,"(587, 819)","(410, 1076)","(394, 921)","(587, 819, 410, 1076, 394, 921)"
710L-650_s-78.jpg,"(587, 819)","(874, 697)","(543, 605)","(587, 819, 874, 697, 543, 605)"
711L-650_s-78.jpg,"(587, 819)","(872, 693)","(542, 605)","(587, 819, 872, 693, 542, 605)"
712L-650_s-78.jpg,"(587, 819)","(871, 689)","(540, 606)","(587, 819, 871, 689, 540, 606)"
713L-650_s-78.jpg,"(587, 819)","(869, 685)","(539, 606)","(587, 819, 869, 685, 539, 606)"
714L-650_s-78.jpg,"(587, 819)","(867, 681)","(538, 606)","(587, 819, 867, 681, 538, 606)"
715L-650_s-78.jpg,"(587, 819)","(865, 677)","(536, 607)","(587, 819, 865, 677, 536, 607)"
716L-650_s-78.jpg,"(587, 819)","(863, 674)","(535, 607)","(587, 819, 863, 674, 535, 607)"
717L-650_s-78.jpg,"(587, 819)","(861, 670)","(533, 607)","(587, 819, 861, 670, 533, 607)"
718L-650_s-79.jpg,"(587, 819)","(859, 666)","(532, 608)","(587, 819, 859, 666, 532, 608)"
719L-700_s-79.jpg,"(587, 819)","(857, 662)","(530, 608)","(587, 819, 857, 662, 530, 608)"
71L-150_s-7.jpg,"(587, 819)","(414, 1079)","(394, 922)","(587, 819, 414, 1079, 394, 922)"
720L-700_s-79.jpg,"(587, 819)","(855, 659)","(529, 609)","(587, 819, 855, 659, 529, 609)"
721L-700_s-79.jpg,"(587, 819)","(852, 655)","(527, 609)","(587, 819, 852, 655, 527, 609)"
722L-700_s-79.jpg,"(587, 819)","(850, 651)","(526, 609)","(587, 819, 850, 651, 526, 609)"
723L-700_s-79.jpg,"(587, 819)","(848, 648)","(524, 610)","(587, 819, 848, 648, 524, 610)"
724L-700_s-79.jpg,"(587, 819)","(845, 644)","(523, 610)","(587, 819, 845, 644, 523, 610)"
725L-700_s-79.jpg,"(587, 819)","(843, 640)","(521, 611)","(587, 819, 843, 640, 521, 611)"
726L-700_s-79.jpg,"(587, 819)","(840, 637)","(520, 611)","(587, 819, 840, 637, 520, 611)"
727L-700_s-80.jpg,"(587, 819)","(838, 633)","(519, 612)","(587, 819, 838, 633, 519, 612)"
728L-700_s-80.jpg,"(587, 819)","(835, 630)","(517, 612)","(587, 819, 835, 630, 517, 612)"
729L-700_s-80.jpg,"(587, 819)","(833, 627)","(516, 613)","(587, 819, 833, 627, 516, 613)"
72L-150_s-7.jpg,"(587, 819)","(418, 1081)","(395, 923)","(587, 819, 418, 1081, 395, 923)"
730L-700_s-80.jpg,"(587, 819)","(830, 623)","(514, 613)","(587, 819, 830, 623, 514, 613)"
731L-700_s-80.jpg,"(587, 819)","(827, 620)","(513, 614)","(587, 819, 827, 620, 513, 614)"
732L-700_s-80.jpg,"(587, 819)","(824, 617)","(511, 614)","(587, 819, 824, 617, 511, 614)"
733L-700_s-80.jpg,"(587, 819)","(822, 613)","(510, 615)","(587, 819, 822, 613, 510, 615)"
734L-700_s-80.jpg,"(587, 819)","(819, 610)","(509, 615)","(587, 819, 819, 610, 509, 615)"
735L-700_s-80.jpg,"(587, 819)","(816, 607)","(507, 616)","(587, 819, 816, 607, 507, 616)"
736L-700_s-81.jpg,"(587, 819)","(813, 604)","(506, 616)","(587, 819, 813, 604, 506, 616)"
737L-700_s-81.jpg,"(587, 819)","(810, 601)","(504, 617)","(587, 819, 810, 601, 504, 617)"
738L-750_s-81.jpg,"(587, 819)","(807, 598)","(503, 617)","(587, 819, 807, 598, 503, 617)"
739L-750_s-81.jpg,"(587, 819)","(804, 595)","(502, 618)","(587, 819, 804, 595, 502, 618)"
73L-150_s-8.jpg,"(587, 819)","(421, 1083)","(396, 925)","(587, 819, 421, 1083, 396, 925)"
740L-750_s-81.jpg,"(587, 819)","(801, 592)","(500, 619)","(587, 819, 801, 592, 500, 619)"
741L-750_s-81.jpg,"(587, 819)","(797, 589)","(499, 619)","(587, 819, 797, 589, 499, 619)"
742L-750_s-81.jpg,"(587, 819)","(794, 586)","(497, 620)","(587, 819, 794, 586, 497, 620)"
743L-750_s-81.jpg,"(587, 819)","(791, 583)","(496, 620)","(587, 819, 791, 583, 496, 620)"
744L-750_s-81.jpg,"(587, 819)","(788, 580)","(495, 621)","(587, 819, 788, 580, 495, 621)"
745L-750_s-82.jpg,"(587, 819)","(784, 577)","(493, 622)","(587, 819, 784, 577, 493, 622)"
746L-750_s-82.jpg,"(587, 819)","(781, 575)","(492, 622)","(587, 819, 781, 575, 492, 622)"
747L-750_s-82.jpg,"(587, 819)","(778, 572)","(491, 623)","(587, 819, 778, 572, 491, 623)"
748L-750_s-82.jpg,"(587, 819)","(774, 569)","(489, 624)","(587, 819, 774, 569, 489, 624)"
749L-750_s-82.jpg,"(587, 819)","(771, 567)","(488, 624)","(587, 819, 771, 567, 488, 624)"
74L-150_s-8.jpg,"(587, 819)","(425, 1086)","(397, 926)","(587, 819, 425, 1086, 397, 926)"
750L-750_s-82.jpg,"(587, 819)","(767, 564)","(487, 625)","(587, 819, 767, 564, 487, 625)"
751L-750_s-82.jpg,"(587, 819)","(764, 562)","(485, 626)","(587, 819, 764, 562, 485, 626)"
752L-750_s-82.jpg,"(587, 819)","(760, 559)","(484, 626)","(587, 819, 760, 559, 484, 626)"
753L-750_s-82.jpg,"(587, 819)","(756, 557)","(483, 627)","(587, 819, 756, 557, 483, 627)"
754L-750_s-83.jpg,"(587, 819)","(753, 555)","(481, 628)","(587, 819, 753, 555, 481, 628)"
755L-750_s-83.jpg,"(587, 819)","(749, 552)","(480, 629)","(587, 819, 749, 552, 480, 629)"
756L-750_s-83.jpg,"(587, 819)","(745, 550)","(479, 629)","(587, 819, 745, 550, 479, 629)"
757L-800_s-83.jpg,"(587, 819)","(742, 548)","(477, 630)","(587, 819, 742, 548, 477, 630)"
758L-800_s-83.jpg,"(587, 819)","(738, 546)","(476, 631)","(587, 819, 738, 546, 476, 631)"
759L-800_s-83.jpg,"(587, 819)","(734, 544)","(475, 632)","(587, 819, 734, 544, 475, 632)"
75L-150_s-8.jpg,"(587, 819)","(429, 1088)","(397, 927)","(587, 819, 429, 1088, 397, 927)"
760L-800_s-83.jpg,"(587, 819)","(730, 542)","(473, 632)","(587, 819, 730, 542, 473, 632)"
761L-800_s-83.jpg,"(587, 819)","(726, 540)","(472, 633)","(587, 819, 726, 540, 472, 633)"
762L-800_s-83.jpg,"(587, 819)","(723, 538)","(471, 634)","(587, 819, 723, 538, 471, 634)"
763L-800_s-84.jpg,"(587, 819)","(719, 536)","(470, 635)","(587, 819, 719, 536, 470, 635)"
764L-800_s-84.jpg,"(587, 819)","(715, 534)","(468, 636)","(587, 819, 715, 534, 468, 636)"
765L-800_s-84.jpg,"(587, 819)","(711, 533)","(467, 636)","(587, 819, 711, 533, 467, 636)"
766L-800_s-84.jpg,"(587, 819)","(707, 531)","(466, 637)","(587, 819, 707, 531, 466, 637)"
767L-800_s-84.jpg,"(587, 819)","(703, 529)","(465, 638)","(587, 819, 703, 529, 465, 638)"
768L-800_s-84.jpg,"(587, 819)","(699, 528)","(463, 639)","(587, 819, 699, 528, 463, 639)"
769L-800_s-84.jpg,"(587, 819)","(695, 526)","(462, 640)","(587, 819, 695, 526, 462, 640)"
76L-200_s-8.jpg,"(587, 819)","(432, 1090)","(398, 929)","(587, 819, 432, 1090, 398, 929)"
770L-800_s-84.jpg,"(587, 819)","(691, 525)","(461, 641)","(587, 819, 691, 525, 461, 641)"
771L-800_s-84.jpg,"(587, 819)","(687, 523)","(460, 642)","(587, 819, 687, 523, 460, 642)"
772L-800_s-85.jpg,"(587, 819)","(683, 522)","(458, 643)","(587, 819, 683, 522, 458, 643)"
773L-800_s-85.jpg,"(587, 819)","(678, 521)","(457, 643)","(587, 819, 678, 521, 457, 643)"
774L-800_s-85.jpg,"(587, 819)","(674, 519)","(456, 644)","(587, 819, 674, 519, 456, 644)"
775L-800_s-85.jpg,"(587, 819)","(670, 518)","(455, 645)","(587, 819, 670, 518, 455, 645)"
776L-850_s-85.jpg,"(587, 819)","(666, 517)","(454, 646)","(587, 819, 666, 517, 454, 646)"
777L-850_s-85.jpg,"(587, 819)","(662, 516)","(452, 647)","(587, 819, 662, 516, 452, 647)"
778L-850_s-85.jpg,"(587, 819)","(658, 515)","(451, 648)","(587, 819, 658, 515, 451, 648)"
779L-850_s-85.jpg,"(587, 819)","(653, 514)","(450, 649)","(587, 819, 653, 514, 450, 649)"
77L-200_s-8.jpg,"(587, 819)","(436, 1092)","(399, 930)","(587, 819, 436, 1092, 399, 930)"
780L-850_s-85.jpg,"(587, 819)","(649, 513)","(449, 650)","(587, 819, 649, 513, 449, 650)"
781L-850_s-86.jpg,"(587, 819)","(645, 512)","(448, 651)","(587, 819, 645, 512, 448, 651)"
782L-850_s-86.jpg,"(587, 819)","(641, 512)","(446, 652)","(587, 819, 641, 512, 446, 652)"
783L-850_s-86.jpg,"(587, 819)","(636, 511)","(445, 653)","(587, 819, 636, 511, 445, 653)"
784L-850_s-86.jpg,"(587, 819)","(632, 510)","(444, 654)","(587, 819, 632, 510, 444, 654)"
785L-850_s-86.jpg,"(587, 819)","(628, 510)","(443, 655)","(587, 819, 628, 510, 443, 655)"
786L-850_s-86.jpg,"(587, 819)","(624, 509)","(442, 656)","(587, 819, 624, 509, 442, 656)"
787L-850_s-86.jpg,"(587, 819)","(619, 509)","(441, 657)","(587, 819, 619, 509, 441, 657)"
788L-850_s-86.jpg,"(587, 819)","(615, 508)","(440, 658)","(587, 819, 615, 508, 440, 658)"
789L-850_s-86.jpg,"(587, 819)","(611, 508)","(439, 659)","(587, 819, 611, 508, 439, 659)"
78L-200_s-8.jpg,"(587, 819)","(440, 1094)","(400, 931)","(587, 819, 440, 1094, 400, 931)"
790L-850_s-87.jpg,"(587, 819)","(606, 508)","(437, 660)","(587, 819, 606, 508, 437, 660)"
791L-850_s-87.jpg,"(587, 819)","(602, 507)","(436, 661)","(587, 819, 602, 507, 436, 661)"
792L-850_s-87.jpg,"(587, 819)","(598, 507)","(435, 662)","(587, 819, 598, 507, 435, 662)"
793L-850_s-87.jpg,"(587, 819)","(593, 507)","(434, 663)","(587, 819, 593, 507, 434, 663)"
794L-850_s-87.jpg,"(587, 819)","(589, 507)","(433, 664)","(587, 819, 589, 507, 433, 664)"
795L-900_s-87.jpg,"(587, 819)","(585, 507)","(432, 665)","(587, 819, 585, 507, 432, 665)"
796L-900_s-87.jpg,"(587, 819)","(580, 507)","(431, 666)","(587, 819, 580, 507, 431, 666)"
797L-900_s-87.jpg,"(587, 819)","(576, 507)","(430, 667)","(587, 819, 576, 507, 430, 667)"
798L-900_s-87.jpg,"(587, 819)","(572, 507)","(429, 668)","(587, 819, 572, 507, 429, 668)"
799L-900_s-87.jpg,"(587, 819)","(567, 508)","(428, 669)","(587, 819, 567, 508, 428, 669)"
79L-200_s-8.jpg,"(587, 819)","(444, 1096)","(400, 933)","(587, 819, 444, 1096, 400, 933)"
7L-0_s-0.jpg,"(587, 819)","(276, 849)","(369, 830)","(587, 819, 276, 849, 369, 830)"
800L-900_s-88.jpg,"(587, 819)","(563, 508)","(427, 671)","(587, 819, 563, 508, 427, 671)"
801L-900_s-88.jpg,"(587, 819)","(559, 508)","(426, 672)","(587, 819, 559, 508, 426, 672)"
802L-900_s-88.jpg,"(587, 819)","(555, 509)","(425, 673)","(587, 819, 555, 509, 425, 673)"
803L-900_s-88.jpg,"(587, 819)","(550, 509)","(424, 674)","(587, 819, 550, 509, 424, 674)"
804L-900_s-88.jpg,"(587, 819)","(546, 510)","(423, 675)","(587, 819, 546, 510, 423, 675)"
805L-900_s-88.jpg,"(587, 819)","(542, 510)","(422, 676)","(587, 819, 542, 510, 422, 676)"
806L-900_s-88.jpg,"(587, 819)","(537, 511)","(421, 677)","(587, 819, 537, 511, 421, 677)"
807L-900_s-88.jpg,"(587, 819)","(533, 512)","(420, 679)","(587, 819, 533, 512, 420, 679)"
808L-900_s-88.jpg,"(587, 819)","(529, 512)","(419, 680)","(587, 819, 529, 512, 419, 680)"
809L-900_s-89.jpg,"(587, 819)","(525, 513)","(418, 681)","(587, 819, 525, 513, 418, 681)"
80L-200_s-8.jpg,"(587, 819)","(447, 1098)","(401, 934)","(587, 819, 447, 1098, 401, 934)"
810L-900_s-89.jpg,"(587, 819)","(520, 514)","(417, 682)","(587, 819, 520, 514, 417, 682)"
811L-900_s-89.jpg,"(587, 819)","(516, 515)","(416, 683)","(587, 819, 516, 515, 416, 683)"
812L-900_s-89.jpg,"(587, 819)","(512, 516)","(415, 684)","(587, 819, 512, 516, 415, 684)"
813L-900_s-89.jpg,"(587, 819)","(508, 517)","(414, 686)","(587, 819, 508, 517, 414, 686)"
814L-950_s-89.jpg,"(587, 819)","(504, 518)","(413, 687)","(587, 819, 504, 518, 413, 687)"
815L-950_s-89.jpg,"(587, 819)","(500, 520)","(412, 688)","(587, 819, 500, 520, 412, 688)"
816L-950_s-89.jpg,"(587, 819)","(495, 521)","(411, 689)","(587, 819, 495, 521, 411, 689)"
817L-950_s-89.jpg,"(587, 819)","(491, 522)","(410, 690)","(587, 819, 491, 522, 410, 690)"
818L-950_s-90.jpg,"(587, 819)","(487, 523)","(410, 692)","(587, 819, 487, 523, 410, 692)"
819L-950_s-90.jpg,"(587, 819)","(483, 525)","(409, 693)","(587, 819, 483, 525, 409, 693)"
81L-200_s-8.jpg,"(587, 819)","(451, 1100)","(402, 935)","(587, 819, 451, 1100, 402, 935)"
820L-950_s-90.jpg,"(587, 819)","(479, 526)","(408, 694)","(587, 819, 479, 526, 408, 694)"
821L-950_s-90.jpg,"(587, 819)","(475, 528)","(407, 695)","(587, 819, 475, 528, 407, 695)"
822L-950_s-90.jpg,"(587, 819)","(471, 529)","(406, 697)","(587, 819, 471, 529, 406, 697)"
823L-950_s-90.jpg,"(587, 819)","(467, 531)","(405, 698)","(587, 819, 467, 531, 405, 698)"
824L-950_s-90.jpg,"(587, 819)","(463, 533)","(404, 699)","(587, 819, 463, 533, 404, 699)"
825L-950_s-90.jpg,"(587, 819)","(459, 534)","(404, 700)","(587, 819, 459, 534, 404, 700)"
826L-950_s-90.jpg,"(587, 819)","(455, 536)","(403, 702)","(587, 819, 455, 536, 403, 702)"
827L-950_s-91.jpg,"(587, 819)","(451, 538)","(402, 703)","(587, 819, 451, 538, 402, 703)"
828L-950_s-91.jpg,"(587, 819)","(447, 540)","(401, 704)","(587, 819, 447, 540, 401, 704)"
829L-950_s-91.jpg,"(587, 819)","(444, 542)","(400, 705)","(587, 819, 444, 542, 400, 705)"
82L-200_s-9.jpg,"(587, 819)","(455, 1102)","(403, 936)","(587, 819, 455, 1102, 403, 936)"
830L-950_s-91.jpg,"(587, 819)","(440, 544)","(400, 707)","(587, 819, 440, 544, 400, 707)"
831L-950_s-91.jpg,"(587, 819)","(436, 546)","(399, 708)","(587, 819, 436, 546, 399, 708)"
832L-950_s-91.jpg,"(587, 819)","(432, 548)","(398, 709)","(587, 819, 432, 548, 398, 709)"
833L-1000_s-91.jpg,"(587, 819)","(428, 550)","(397, 711)","(587, 819, 428, 550, 397, 711)"
834L-1000_s-91.jpg,"(587, 819)","(425, 553)","(397, 712)","(587, 819, 425, 553, 397, 712)"
835L-1000_s-91.jpg,"(587, 819)","(421, 555)","(396, 713)","(587, 819, 421, 555, 396, 713)"
836L-1000_s-92.jpg,"(587, 819)","(417, 557)","(395, 715)","(587, 819, 417, 557, 395, 715)"
837L-1000_s-92.jpg,"(587, 819)","(414, 559)","(394, 716)","(587, 819, 414, 559, 394, 716)"
838L-1000_s-92.jpg,"(587, 819)","(410, 562)","(394, 717)","(587, 819, 410, 562, 394, 717)"
839L-1000_s-92.jpg,"(587, 819)","(407, 564)","(393, 719)","(587, 819, 407, 564, 393, 719)"
83L-200_s-9.jpg,"(587, 819)","(459, 1104)","(404, 938)","(587, 819, 459, 1104, 404, 938)"
840L-1000_s-92.jpg,"(587, 819)","(403, 567)","(392, 720)","(587, 819, 403, 567, 392, 720)"
841L-1000_s-92.jpg,"(587, 819)","(400, 569)","(392, 721)","(587, 819, 400, 569, 392, 721)"
842L-1000_s-92.jpg,"(587, 819)","(396, 572)","(391, 723)","(587, 819, 396, 572, 391, 723)"
843L-1000_s-92.jpg,"(587, 819)","(393, 575)","(390, 724)","(587, 819, 393, 575, 390, 724)"
844L-1000_s-92.jpg,"(587, 819)","(390, 577)","(390, 725)","(587, 819, 390, 577, 390, 725)"
845L-1000_s-93.jpg,"(587, 819)","(386, 580)","(389, 727)","(587, 819, 386, 580, 389, 727)"
846L-1000_s-93.jpg,"(587, 819)","(383, 583)","(388, 728)","(587, 819, 383, 583, 388, 728)"
847L-1000_s-93.jpg,"(587, 819)","(380, 586)","(388, 730)","(587, 819, 380, 586, 388, 730)"
848L-1000_s-93.jpg,"(587, 819)","(376, 589)","(387, 731)","(587, 819, 376, 589, 387, 731)"
849L-1000_s-93.jpg,"(587, 819)","(373, 592)","(387, 732)","(587, 819, 373, 592, 387, 732)"
84L-200_s-9.jpg,"(587, 819)","(463, 1105)","(404, 939)","(587, 819, 463, 1105, 404, 939)"
850L-1000_s-93.jpg,"(587, 819)","(370, 595)","(386, 734)","(587, 819, 370, 595, 386, 734)"
851L-1000_s-93.jpg,"(587, 819)","(367, 598)","(385, 735)","(587, 819, 367, 598, 385, 735)"
852L-1050_s-93.jpg,"(587, 819)","(364, 601)","(385, 737)","(587, 819, 364, 601, 385, 737)"
853L-1050_s-93.jpg,"(587, 819)","(361, 604)","(384, 738)","(587, 819, 361, 604, 384, 738)"
854L-1050_s-94.jpg,"(587, 819)","(358, 607)","(384, 739)","(587, 819, 358, 607, 384, 739)"
855L-1050_s-94.jpg,"(587, 819)","(355, 610)","(383, 741)","(587, 819, 355, 610, 383, 741)"
856L-1050_s-94.jpg,"(587, 819)","(352, 613)","(383, 742)","(587, 819, 352, 613, 383, 742)"
857L-1050_s-94.jpg,"(587, 819)","(349, 617)","(382, 744)","(587, 819, 349, 617, 382, 744)"
858L-1050_s-94.jpg,"(587, 819)","(347, 620)","(382, 745)","(587, 819, 347, 620, 382, 745)"
859L-1050_s-94.jpg,"(587, 819)","(344, 623)","(381, 746)","(587, 819, 344, 623, 381, 746)"
85L-200_s-9.jpg,"(587, 819)","(467, 1107)","(405, 940)","(587, 819, 467, 1107, 405, 940)"
860L-1050_s-94.jpg,"(587, 819)","(341, 627)","(381, 748)","(587, 819, 341, 627, 381, 748)"
861L-1050_s-94.jpg,"(587, 819)","(339, 630)","(380, 749)","(587, 819, 339, 630, 380, 749)"
862L-1050_s-94.jpg,"(587, 819)","(336, 634)","(380, 751)","(587, 819, 336, 634, 380, 751)"
863L-1050_s-95.jpg,"(587, 819)","(334, 637)","(379, 752)","(587, 819, 334, 637, 379, 752)"
864L-1050_s-95.jpg,"(587, 819)","(331, 641)","(379, 754)","(587, 819, 331, 641, 379, 754)"
865L-1050_s-95.jpg,"(587, 819)","(329, 644)","(378, 755)","(587, 819, 329, 644, 378, 755)"
866L-1050_s-95.jpg,"(587, 819)","(326, 648)","(378, 756)","(587, 819, 326, 648, 378, 756)"
867L-1050_s-95.jpg,"(587, 819)","(324, 651)","(377, 758)","(587, 819, 324, 651, 377, 758)"
868L-1050_s-95.jpg,"(587, 819)","(322, 655)","(377, 759)","(587, 819, 322, 655, 377, 759)"
869L-1050_s-95.jpg,"(587, 819)","(319, 659)","(376, 761)","(587, 819, 319, 659, 376, 761)"
86L-200_s-9.jpg,"(587, 819)","(471, 1109)","(406, 941)","(587, 819, 471, 1109, 406, 941)"
870L-1050_s-95.jpg,"(587, 819)","(317, 662)","(376, 762)","(587, 819, 317, 662, 376, 762)"
871L-1100_s-95.jpg,"(587, 819)","(315, 666)","(376, 764)","(587, 819, 315, 666, 376, 764)"
872L-1100_s-96.jpg,"(587, 819)","(313, 670)","(375, 765)","(587, 819, 313, 670, 375, 765)"
873L-1100_s-96.jpg,"(587, 819)","(311, 674)","(375, 767)","(587, 819, 311, 674, 375, 767)"
874L-1100_s-96.jpg,"(587, 819)","(309, 678)","(375, 768)","(587, 819, 309, 678, 375, 768)"
875L-1100_s-96.jpg,"(587, 819)","(307, 682)","(374, 770)","(587, 819, 307, 682, 374, 770)"
876L-1100_s-96.jpg,"(587, 819)","(305, 685)","(374, 771)","(587, 819, 305, 685, 374, 771)"
877L-1100_s-96.jpg,"(587, 819)","(303, 689)","(374, 773)","(587, 819, 303, 689, 374, 773)"
878L-1100_s-96.jpg,"(587, 819)","(301, 693)","(373, 774)","(587, 819, 301, 693, 373, 774)"
879L-1100_s-96.jpg,"(587, 819)","(300, 697)","(373, 776)","(587, 819, 300, 697, 373, 776)"
87L-200_s-9.jpg,"(587, 819)","(475, 1110)","(407, 943)","(587, 819, 475, 1110, 407, 943)"
880L-1100_s-96.jpg,"(587, 819)","(298, 701)","(373, 777)","(587, 819, 298, 701, 373, 777)"
881L-1100_s-97.jpg,"(587, 819)","(296, 705)","(372, 778)","(587, 819, 296, 705, 372, 778)"
882L-1100_s-97.jpg,"(587, 819)","(295, 709)","(372, 780)","(587, 819, 295, 709, 372, 780)"
883L-1100_s-97.jpg,"(587, 819)","(293, 713)","(372, 781)","(587, 819, 293, 713, 372, 781)"
884L-1100_s-97.jpg,"(587, 819)","(292, 717)","(372, 783)","(587, 819, 292, 717, 372, 783)"
885L-1100_s-97.jpg,"(587, 819)","(291, 721)","(371, 784)","(587, 819, 291, 721, 371, 784)"
886L-1100_s-97.jpg,"(587, 819)","(289, 726)","(371, 786)","(587, 819, 289, 726, 371, 786)"
887L-1100_s-97.jpg,"(587, 819)","(288, 730)","(371, 787)","(587, 819, 288, 730, 371, 787)"
888L-1100_s-97.jpg,"(587, 819)","(287, 734)","(371, 789)","(587, 819, 287, 734, 371, 789)"
889L-1100_s-97.jpg,"(587, 819)","(286, 738)","(370, 790)","(587, 819, 286, 738, 370, 790)"
88L-200_s-9.jpg,"(587, 819)","(479, 1112)","(408, 944)","(587, 819, 479, 1112, 408, 944)"
890L-1150_s-98.jpg,"(587, 819)","(285, 742)","(370, 792)","(587, 819, 285, 742, 370, 792)"
891L-1150_s-98.jpg,"(587, 819)","(284, 746)","(370, 793)","(587, 819, 284, 746, 370, 793)"
892L-1150_s-98.jpg,"(587, 819)","(283, 751)","(370, 795)","(587, 819, 283, 751, 370, 795)"
893L-1150_s-98.jpg,"(587, 819)","(282, 755)","(370, 796)","(587, 819, 282, 755, 370, 796)"
894L-1150_s-98.jpg,"(587, 819)","(281, 759)","(370, 798)","(587, 819, 281, 759, 370, 798)"
895L-1150_s-98.jpg,"(587, 819)","(280, 763)","(369, 799)","(587, 819, 280, 763, 369, 799)"
896L-1150_s-98.jpg,"(587, 819)","(279, 768)","(369, 801)","(587, 819, 279, 768, 369, 801)"
897L-1150_s-98.jpg,"(587, 819)","(279, 772)","(369, 802)","(587, 819, 279, 772, 369, 802)"
898L-1150_s-98.jpg,"(587, 819)","(278, 776)","(369, 804)","(587, 819, 278, 776, 369, 804)"
899L-1150_s-99.jpg,"(587, 819)","(277, 780)","(369, 805)","(587, 819, 277, 780, 369, 805)"
89L-200_s-9.jpg,"(587, 819)","(483, 1113)","(409, 945)","(587, 819, 483, 1113, 409, 945)"
8L-0_s-0.jpg,"(587, 819)","(277, 853)","(369, 831)","(587, 819, 277, 853, 369, 831)"
900L-1150_s-99.jpg,"(587, 819)","(277, 785)","(369, 807)","(587, 819, 277, 785, 369, 807)"
901L-1150_s-99.jpg,"(587, 819)","(276, 789)","(369, 808)","(587, 819, 276, 789, 369, 808)"
902L-1150_s-99.jpg,"(587, 819)","(276, 793)","(369, 810)","(587, 819, 276, 793, 369, 810)"
903L-1150_s-99.jpg,"(587, 819)","(276, 798)","(369, 811)","(587, 819, 276, 798, 369, 811)"
904L-1150_s-99.jpg,"(587, 819)","(275, 802)","(369, 813)","(587, 819, 275, 802, 369, 813)"
905L-1150_s-99.jpg,"(587, 819)","(275, 806)","(369, 815)","(587, 819, 275, 806, 369, 815)"
906L-1150_s-99.jpg,"(587, 819)","(275, 810)","(369, 816)","(587, 819, 275, 810, 369, 816)"
907L-1150_s-99.jpg,"(587, 819)","(275, 815)","(369, 818)","(587, 819, 275, 815, 369, 818)"
908L-0_s-0.jpg,"(587, 819)","(275, 819)","(369, 819)","(587, 819, 275, 819, 369, 819)"
909L-0_s-0.jpg,"(587, 819)","(275, 823)","(369, 821)","(587, 819, 275, 823, 369, 821)"
90L-200_s-9.jpg,"(587, 819)","(487, 1115)","(410, 946)","(587, 819, 487, 1115, 410, 946)"
910L-0_s-0.jpg,"(587, 819)","(275, 828)","(369, 822)","(587, 819, 275, 828, 369, 822)"
911L-0_s-0.jpg,"(587, 819)","(275, 832)","(369, 824)","(587, 819, 275, 832, 369, 824)"
912L-0_s-0.jpg,"(587, 819)","(275, 836)","(369, 825)","(587, 819, 275, 836, 369, 825)"
913L-0_s-0.jpg,"(587, 819)","(276, 841)","(369, 827)","(587, 819, 276, 841, 369, 827)"
914L-0_s-0.jpg,"(587, 819)","(276, 845)","(369, 828)","(587, 819, 276, 845, 369, 828)"
915L-0_s-0.jpg,"(587, 819)","(276, 849)","(369, 830)","(587, 819, 276, 849, 369, 830)"
916L-0_s-0.jpg,"(587, 819)","(277, 854)","(369, 831)","(587, 819, 277, 854, 369, 831)"
917L-0_s-0.jpg,"(587, 819)","(277, 858)","(369, 833)","(587, 819, 277, 858, 369, 833)"
918L-0_s-1.jpg,"(587, 819)","(278, 862)","(369, 834)","(587, 819, 278, 862, 369, 834)"
919L-0_s-1.jpg,"(587, 819)","(279, 866)","(369, 836)","(587, 819, 279, 866, 369, 836)"
91L-200_s-10.jpg,"(587, 819)","(491, 1116)","(410, 948)","(587, 819, 491, 1116, 410, 948)"
920L-0_s-1.jpg,"(587, 819)","(279, 871)","(369, 837)","(587, 819, 279, 871, 369, 837)"
921L-0_s-1.jpg,"(587, 819)","(280, 875)","(369, 839)","(587, 819, 280, 875, 369, 839)"
922L-0_s-1.jpg,"(587, 819)","(281, 879)","(370, 840)","(587, 819, 281, 879, 370, 840)"
923L-0_s-1.jpg,"(587, 819)","(282, 883)","(370, 842)","(587, 819, 282, 883, 370, 842)"
924L-0_s-1.jpg,"(587, 819)","(283, 888)","(370, 843)","(587, 819, 283, 888, 370, 843)"
925L-0_s-1.jpg,"(587, 819)","(284, 892)","(370, 845)","(587, 819, 284, 892, 370, 845)"
926L-0_s-1.jpg,"(587, 819)","(285, 896)","(370, 846)","(587, 819, 285, 896, 370, 846)"
927L-50_s-2.jpg,"(587, 819)","(286, 900)","(370, 848)","(587, 819, 286, 900, 370, 848)"
928L-50_s-2.jpg,"(587, 819)","(287, 904)","(371, 849)","(587, 819, 287, 904, 371, 849)"
929L-50_s-2.jpg,"(587, 819)","(288, 909)","(371, 851)","(587, 819, 288, 909, 371, 851)"
92L-200_s-10.jpg,"(587, 819)","(496, 1117)","(411, 949)","(587, 819, 496, 1117, 411, 949)"
930L-50_s-2.jpg,"(587, 819)","(289, 913)","(371, 852)","(587, 819, 289, 913, 371, 852)"
931L-50_s-2.jpg,"(587, 819)","(291, 917)","(371, 854)","(587, 819, 291, 917, 371, 854)"
932L-50_s-2.jpg,"(587, 819)","(292, 921)","(372, 855)","(587, 819, 292, 921, 372, 855)"
933L-50_s-2.jpg,"(587, 819)","(294, 925)","(372, 857)","(587, 819, 294, 925, 372, 857)"
934L-50_s-2.jpg,"(587, 819)","(295, 929)","(372, 858)","(587, 819, 295, 929, 372, 858)"
935L-50_s-2.jpg,"(587, 819)","(297, 933)","(372, 860)","(587, 819, 297, 933, 372, 860)"
936L-50_s-3.jpg,"(587, 819)","(298, 937)","(373, 861)","(587, 819, 298, 937, 373, 861)"
937L-50_s-3.jpg,"(587, 819)","(300, 941)","(373, 863)","(587, 819, 300, 941, 373, 863)"
938L-50_s-3.jpg,"(587, 819)","(302, 945)","(373, 864)","(587, 819, 302, 945, 373, 864)"
939L-50_s-3.jpg,"(587, 819)","(303, 949)","(374, 866)","(587, 819, 303, 949, 374, 866)"
93L-200_s-10.jpg,"(587, 819)","(500, 1119)","(412, 950)","(587, 819, 500, 1119, 412, 950)"
940L-50_s-3.jpg,"(587, 819)","(305, 953)","(374, 867)","(587, 819, 305, 953, 374, 867)"
941L-50_s-3.jpg,"(587, 819)","(307, 957)","(374, 868)","(587, 819, 307, 957, 374, 868)"
942L-50_s-3.jpg,"(587, 819)","(309, 961)","(375, 870)","(587, 819, 309, 961, 375, 870)"
943L-50_s-3.jpg,"(587, 819)","(311, 964)","(375, 871)","(587, 819, 311, 964, 375, 871)"
944L-50_s-3.jpg,"(587, 819)","(313, 968)","(375, 873)","(587, 819, 313, 968, 375, 873)"
945L-50_s-4.jpg,"(587, 819)","(315, 972)","(376, 874)","(587, 819, 315, 972, 376, 874)"
946L-100_s-4.jpg,"(587, 819)","(317, 976)","(376, 876)","(587, 819, 317, 976, 376, 876)"
947L-100_s-4.jpg,"(587, 819)","(319, 979)","(377, 877)","(587, 819, 319, 979, 377, 877)"
948L-100_s-4.jpg,"(587, 819)","(322, 983)","(377, 879)","(587, 819, 322, 983, 377, 879)"
949L-100_s-4.jpg,"(587, 819)","(324, 987)","(377, 880)","(587, 819, 324, 987, 377, 880)"
94L-200_s-10.jpg,"(587, 819)","(504, 1120)","(413, 951)","(587, 819, 504, 1120, 413, 951)"
950L-100_s-4.jpg,"(587, 819)","(326, 990)","(378, 882)","(587, 819, 326, 990, 378, 882)"
951L-100_s-4.jpg,"(587, 819)","(329, 994)","(378, 883)","(587, 819, 329, 994, 378, 883)"
952L-100_s-4.jpg,"(587, 819)","(331, 998)","(379, 885)","(587, 819, 331, 998, 379, 885)"
953L-100_s-4.jpg,"(587, 819)","(334, 1001)","(379, 886)","(587, 819, 334, 1001, 379, 886)"
954L-100_s-5.jpg,"(587, 819)","(336, 1005)","(380, 887)","(587, 819, 336, 1005, 380, 887)"
955L-100_s-5.jpg,"(587, 819)","(339, 1008)","(380, 889)","(587, 819, 339, 1008, 380, 889)"
956L-100_s-5.jpg,"(587, 819)","(341, 1011)","(381, 890)","(587, 819, 341, 1011, 381, 890)"
957L-100_s-5.jpg,"(587, 819)","(344, 1015)","(381, 892)","(587, 819, 344, 1015, 381, 892)"
958L-100_s-5.jpg,"(587, 819)","(347, 1018)","(382, 893)","(587, 819, 347, 1018, 382, 893)"
959L-100_s-5.jpg,"(587, 819)","(350, 1021)","(382, 895)","(587, 819, 350, 1021, 382, 895)"
95L-250_s-10.jpg,"(587, 819)","(508, 1121)","(414, 952)","(587, 819, 508, 1121, 414, 952)"
960L-100_s-5.jpg,"(587, 819)","(352, 1025)","(383, 896)","(587, 819, 352, 1025, 383, 896)"
961L-100_s-5.jpg,"(587, 819)","(355, 1028)","(383, 897)","(587, 819, 355, 1028, 383, 897)"
962L-100_s-5.jpg,"(587, 819)","(358, 1031)","(384, 899)","(587, 819, 358, 1031, 384, 899)"
963L-100_s-6.jpg,"(587, 819)","(361, 1034)","(384, 900)","(587, 819, 361, 1034, 384, 900)"
964L-100_s-6.jpg,"(587, 819)","(364, 1037)","(385, 902)","(587, 819, 364, 1037, 385, 902)"
965L-150_s-6.jpg,"(587, 819)","(367, 1040)","(385, 903)","(587, 819, 367, 1040, 385, 903)"
966L-150_s-6.jpg,"(587, 819)","(370, 1043)","(386, 904)","(587, 819, 370, 1043, 386, 904)"
967L-150_s-6.jpg,"(587, 819)","(373, 1046)","(387, 906)","(587, 819, 373, 1046, 387, 906)"
968L-150_s-6.jpg,"(587, 819)","(377, 1049)","(387, 907)","(587, 819, 377, 1049, 387, 907)"
969L-150_s-6.jpg,"(587, 819)","(380, 1052)","(388, 909)","(587, 819, 380, 1052, 388, 909)"
96L-250_s-10.jpg,"(587, 819)","(512, 1122)","(415, 954)","(587, 819, 512, 1122, 415, 954)"
970L-150_s-6.jpg,"(587, 819)","(383, 1055)","(388, 910)","(587, 819, 383, 1055, 388, 910)"
971L-150_s-6.jpg,"(587, 819)","(386, 1058)","(389, 911)","(587, 819, 386, 1058, 389, 911)"
972L-150_s-7.jpg,"(587, 819)","(390, 1061)","(390, 913)","(587, 819, 390, 1061, 390, 913)"
973L-150_s-7.jpg,"(587, 819)","(393, 1063)","(390, 914)","(587, 819, 393, 1063, 390, 914)"
974L-150_s-7.jpg,"(587, 819)","(396, 1066)","(391, 915)","(587, 819, 396, 1066, 391, 915)"
975L-150_s-7.jpg,"(587, 819)","(400, 1069)","(392, 917)","(587, 819, 400, 1069, 392, 917)"
976L-150_s-7.jpg,"(587, 819)","(403, 1071)","(392, 918)","(587, 819, 403, 1071, 392, 918)"
977L-150_s-7.jpg,"(587, 819)","(407, 1074)","(393, 919)","(587, 819, 407, 1074, 393, 919)"
978L-150_s-7.jpg,"(587, 819)","(410, 1076)","(394, 921)","(587, 819, 410, 1076, 394, 921)"
979L-150_s-7.jpg,"(587, 819)","(414, 1079)","(394, 922)","(587, 819, 414, 1079, 394, 922)"
97L-250_s-10.jpg,"(587, 819)","(516, 1123)","(416, 955)","(587, 819, 516, 1123, 416, 955)"
980L-150_s-7.jpg,"(587, 819)","(418, 1081)","(395, 923)","(587, 819, 418, 1081, 395, 923)"
981L-150_s-8.jpg,"(587, 819)","(421, 1083)","(396, 925)","(587, 819, 421, 1083, 396, 925)"
982L-150_s-8.jpg,"(587, 819)","(425, 1086)","(397, 926)","(587, 819, 425, 1086, 397, 926)"
983L-150_s-8.jpg,"(587, 819)","(429, 1088)","(397, 927)","(587, 819, 429, 1088, 397, 927)"
984L-200_s-8.jpg,"(587, 819)","(432, 1090)","(398, 929)","(587, 819, 432, 1090, 398, 929)"
985L-200_s-8.jpg,"(587, 819)","(436, 1092)","(399, 930)","(587, 819, 436, 1092, 399, 930)"
986L-200_s-8.jpg,"(587, 819)","(440, 1094)","(400, 931)","(587, 819, 440, 1094, 400, 931)"
987L-200_s-8.jpg,"(587, 819)","(444, 1096)","(400, 933)","(587, 819, 444, 1096, 400, 933)"
988L-200_s-8.jpg,"(587, 819)","(448, 1098)","(401, 934)","(587, 819, 448, 1098, 401, 934)"
989L-200_s-8.jpg,"(587, 819)","(451, 1100)","(402, 935)","(587, 819, 451, 1100, 402, 935)"
98L-250_s-10.jpg,"(587, 819)","(521, 1124)","(417, 956)","(587, 819, 521, 1124, 417, 956)"
990L-200_s-9.jpg,"(587, 819)","(455, 1102)","(403, 936)","(587, 819, 455, 1102, 403, 936)"
991L-200_s-9.jpg,"(587, 819)","(459, 1104)","(404, 938)","(587, 819, 459, 1104, 404, 938)"
992L-200_s-9.jpg,"(587, 819)","(463, 1105)","(404, 939)","(587, 819, 463, 1105, 404, 939)"
993L-200_s-9.jpg,"(587, 819)","(467, 1107)","(405, 940)","(587, 819, 467, 1107, 405, 940)"
994L-200_s-9.jpg,"(587, 819)","(471, 1109)","(406, 941)","(587, 819, 471, 1109, 406, 941)"
995L-200_s-9.jpg,"(587, 819)","(475, 1110)","(407, 943)","(587, 819, 475, 1110, 407, 943)"
996L-200_s-9.jpg,"(587, 819)","(479, 1112)","(408, 944)","(587, 819, 479, 1112, 408, 944)"
997L-200_s-9.jpg,"(587, 819)","(483, 1113)","(409, 945)","(587, 819, 483, 1113, 409, 945)"
998L-200_s-9.jpg,"(587, 819)","(487, 1115)","(410, 946)","(587, 819, 487, 1115, 410, 946)"
999L-200_s-10.jpg,"(587, 819)","(492, 1116)","(411, 948)","(587, 819, 492, 1116, 411, 948)"
99L-250_s-10.jpg,"(587, 819)","(525, 1125)","(418, 957)","(587, 819, 525, 1125, 418, 957)"
9L-0_s-0.jpg,"(587, 819)","(277, 858)","(369, 833)","(587, 819, 277, 858, 369, 833)"
